날짜,breakfast,breakfast_embedding,lunch,lunch_embedding,dinner,dinner_embedding,breakfast_count,lunch_count,dinner_count
2023-06-01(목),스팸구이,"[32.0, 3.9, 6.0, [1, 0, 0, 0, 0]]",장어강정,"[0, 0, 0, [0, 0, 0, 0, 1]]",닭볶음탕,"[9.4, 9.5, 25.72, [1, 0, 0, 0, 0]]",1,1,5
2023-06-02(금),쇠고기무국,"[12.07, 8.62, 16.43, [1, 0, 0, 0, 0]]",감자돈육짜글이,"[0, 0, 0, [0, 0, 0, 0, 1]]",감자국,"[9.86, 3.52, 4.54, [1, 0, 0, 0, 0]]",23,1,3
2023-06-03(토),새우버거,"[46.0, 26.0, 15.0, [1, 0, 0, 0, 0]]",미역국,"[16.08, 6.78, 15.06, [1, 0, 0, 0, 0]]",사골우거지국,"[6.0, 7.0, 14.0, [1, 0, 0, 0, 0]]",5,1,6
2023-06-04(일),황태해장국,"[12.07, 4.14, 18.33, [1, 0, 0, 0, 0]]",쇠고기미역국,"[16.08, 6.78, 15.06, [1, 0, 0, 0, 0]]",감자수제비국,"[66.44, 6.59, 15.81, [1, 0, 0, 0, 0]]",3,19,8
2023-06-05(월),식빵,"[12.65, 0.82, 1.91, [1, 0, 0, 0, 0]]",버섯들깨탕,"[33.0, 1.7, 17.0, [1, 0, 0, 0, 0]]",케이준감자튀김,"[0, 0, 0, [0, 0, 0, 0, 1]]",8,2,1
2023-06-06(화),사골떡국,"[0.42, 1.8, 5.57, [1, 0, 0, 0, 0]]",명태매운탕,"[0, 0, 0, [0, 0, 0, 0, 1]]",돈가스,"[24.56, 30.6, 45.16, [1, 0, 0, 0, 0]]",8,3,1
2023-06-07(수),오믈렛,"[0.42, 7.33, 6.48, [1, 0, 0, 0, 0]]",야채튀김,"[0.96, 0.71, 0.3, [1, 0, 0, 0, 0]]",실곤약야채무침,"[0, 0, 0, [0, 0, 0, 0, 1]]",1,1,1
2023-06-08(목),닭곰탕,"[1.87, 4.75, 18.72, [1, 0, 0, 0, 0]]",순대국,"[33.78, 10.35, 23.25, [1, 0, 0, 0, 0]]",순두부찌개,"[5.62, 17.99, 18.25, [1, 0, 0, 0, 0]]",9,6,11
2023-06-09(금),소머리곰탕,"[3.0, 7.0, 36.0, [1, 0, 0, 0, 0]]",된장찌개,"[16.77, 5.6, 15.01, [1, 0, 0, 0, 0]]",팽이버섯된장국,"[0, 0, 0, [0, 0, 0, 0, 1]]",1,8,9
2023-06-10(토),닭윙구이,"[12.0, 11.0, 14.0, [1, 0, 0, 0, 0]]",감자국,"[9.86, 3.52, 4.54, [1, 0, 0, 0, 0]]",홍합살무국,"[0, 0, 0, [0, 0, 0, 0, 1]]",1,1,1
2023-06-11(일),전복죽,"[25.0, 6.0, 3.0, [1, 0, 0, 0, 0]]",두부된장국,"[15.81, 4.71, 11.2, [1, 0, 0, 0, 0]]",김치찌개,"[6.38, 8.09, 8.17, [1, 0, 0, 0, 0]]",2,8,7
2023-06-12(월),떡만둣국,"[68.42, 11.05, 15.0, [1, 0, 0, 0, 0]]",전복미역국,"[6.0, 1.5, 5.0, [1, 0, 0, 0, 0]]",등뼈감자탕,"[0, 0, 0, [0, 0, 0, 0, 1]]",2,1,1
2023-06-13(화),사골곰탕,"[0.0, 2.4, 3.0, [1, 0, 0, 0, 0]]",열무김치말이국수,"[70.0, 3.4, 12.0, [1, 0, 0, 0, 0]]",닭볶음탕,"[9.4, 9.5, 25.72, [1, 0, 0, 0, 0]]",5,1,5
2023-06-14(수),만두육개장,"[0, 0, 0, [0, 0, 0, 0, 1]]",아욱된장국,"[4.88, 0.73, 2.68, [1, 0, 0, 0, 0]]",꼬치어묵국,"[23.0, 4.7, 12.0, [1, 0, 0, 0, 0]]",3,1,7
2023-06-15(목),쇠고기무국,"[12.07, 8.62, 16.43, [1, 0, 0, 0, 0]]",된장찌개,"[16.77, 5.6, 15.01, [1, 0, 0, 0, 0]]",팽이버섯계란국,"[0, 0, 0, [0, 0, 0, 0, 1]]",23,8,10
2023-06-16(금),진한소내장탕,"[0.0, 17.0, 28.0, [1, 0, 0, 0, 0]]",오징어무국,"[3.8, 0.96, 10.35, [1, 0, 0, 0, 0]]",어묵국,"[12.5, 2.37, 12.66, [1, 0, 0, 0, 0]]",1,1,2
2023-06-17(토),불고기버거,"[50.0, 22.0, 20.0, [1, 0, 0, 0, 0]]",홍합살무국,"[0, 0, 0, [0, 0, 0, 0, 1]]",배추된장국,"[8.64, 2.01, 3.8, [1, 0, 0, 0, 0]]",6,2,4
2023-06-18(일),버터식빵,"[25.0, 2.0, 4.0, [1, 0, 0, 0, 0]]",부대찌개,"[41.11, 38.55, 27.7, [1, 0, 0, 0, 0]]",오징어무국,"[3.8, 0.96, 10.35, [1, 0, 0, 0, 0]]",1,11,2
2023-06-19(월),사골떡국,"[0.42, 1.8, 5.57, [1, 0, 0, 0, 0]]",쇠고기감자국,"[7.0, 2.4, 13.0, [1, 0, 0, 0, 0]]",짬뽕순두부찌개,"[24.0, 13.0, 20.0, [1, 0, 0, 0, 0]]",8,2,3
2023-06-20(화),닭살데리야끼조림,"[0, 0, 0, [0, 0, 0, 0, 1]]",유부된장국,"[8.17, 2.48, 5.99, [1, 0, 0, 0, 0]]",갈비탕,"[11.63, 31.26, 33.29, [1, 0, 0, 0, 0]]",1,10,5
2023-06-21(수),모닝빵&딸기잼,"[17.42, 1.43, 3.28, [1, 0, 0, 0, 0]]",된장찌개,"[16.77, 5.6, 15.01, [1, 0, 0, 0, 0]]",김치찌개,"[6.38, 8.09, 8.17, [1, 0, 0, 0, 0]]",2,8,7
2023-06-22(목),굴림만두계란탕,"[0, 0, 0, [0, 0, 0, 0, 1]]",고추장찌개,"[13.53, 2.9, 6.9, [1, 0, 0, 0, 0]]",감자돈육짜글이,"[0, 0, 0, [0, 0, 0, 0, 1]]",2,1,2
2023-06-23(금),맥모닝버거,"[56.0, 12.0, 13.0, [1, 0, 0, 0, 0]]",된장찌개,"[16.77, 5.6, 15.01, [1, 0, 0, 0, 0]]",밥1,"[0, 0, 0, [1, 0, 0, 0, 0]]",1,8,1
2023-06-24(토),롤피자스틱,"[24.0, 6.0, 9.0, [1, 0, 0, 0, 0]]",쇠고기감자국,"[7.0, 2.4, 13.0, [1, 0, 0, 0, 0]]",감자국,"[9.86, 3.52, 4.54, [1, 0, 0, 0, 0]]",1,2,3
2023-06-25(일),조랭이떡미역국,"[25.0, 1.0, 3.0, [1, 0, 0, 0, 0]]",부대찌개,"[41.11, 38.55, 27.7, [1, 0, 0, 0, 0]]",팽이버섯된장국,"[0, 0, 0, [0, 0, 0, 0, 1]]",1,11,9
2023-06-26(월),전복죽,"[25.0, 6.0, 3.0, [1, 0, 0, 0, 0]]",옹심이만둣국,"[0, 0, 0, [0, 0, 0, 0, 1]]",김치수제비국,"[112.0, 2.4, 14.0, [1, 0, 0, 0, 0]]",2,1,2
2023-06-27(화),계란후라이,"[0.43, 6.76, 6.24, [1, 0, 0, 0, 0]]",메론,"[8.16, 0.19, 0.84, [1, 0, 0, 0, 0]]",비타민음료,"[0, 0, 0, [0, 0, 0, 0, 1]]",1,1,1
2023-06-28(수),대파육개장,"[16.0, 14.0, 13.0, [1, 0, 0, 0, 0]]",황태채무국,"[0, 0, 0, [0, 0, 0, 0, 1]]",어묵국,"[12.5, 2.37, 12.66, [1, 0, 0, 0, 0]]",1,3,2
2023-06-29(목),참치김치찌개,"[6.11, 4.71, 9.71, [1, 0, 0, 0, 0]]",열무비빔국수,"[74.1, 7.22, 14.76, [1, 0, 0, 0, 0]]",순두부백탕,"[6.0, 7.0, 11.0, [1, 0, 0, 0, 0]]",9,1,1
2023-06-30(금),팽이버섯계란국,"[0, 0, 0, [0, 0, 0, 0, 1]]",도토리묵사발,"[33.0, 4.5, 2.0, [1, 0, 0, 0, 0]]",쇠고기무국,"[12.07, 8.62, 16.43, [1, 0, 0, 0, 0]]",4,2,6
2023-07-01(토),회오리감자,"[38.32, 19.9, 3.56, [1, 0, 0, 0, 0]]",호박고추장찌개,"[13.53, 2.9, 6.9, [1, 0, 0, 0, 0]]",닭고기육개장,"[6.0, 6.0, 8.0, [1, 0, 0, 0, 0]]",1,4,7
2023-07-02(일),버섯매운탕,"[78.0, 8.0, 38.0, [1, 0, 0, 0, 0]]",감자수제비국,"[66.44, 6.59, 15.81, [1, 0, 0, 0, 0]]",짬뽕찌개,"[0, 0, 0, [0, 0, 0, 0, 1]]",5,1,7
2023-07-03(월),쇠고기무국,"[12.07, 8.62, 16.43, [1, 0, 0, 0, 0]]",돼지고기김치찌개,"[6.38, 8.09, 8.17, [1, 0, 0, 0, 0]]",차돌쌀국수,"[0, 0, 0, [0, 0, 0, 0, 1]]",23,6,1
2023-07-04(화),북어채국,"[3.28, 4.9, 12.81, [1, 0, 0, 0, 0]]",쇠고기미역국,"[16.08, 6.78, 15.06, [1, 0, 0, 0, 0]]",팽이버섯된장국,"[0, 0, 0, [0, 0, 0, 0, 1]]",4,19,9
2023-07-05(수),쇠고기육개장,"[6.0, 6.0, 8.0, [1, 0, 0, 0, 0]]",비빔냉면,"[75.92, 9.34, 17.37, [1, 0, 0, 0, 0]]",순대국,"[33.78, 10.35, 23.25, [1, 0, 0, 0, 0]]",5,1,4
2023-07-06(목),꼬리곰탕,"[7.0, 13.0, 32.0, [1, 0, 0, 0, 0]]",해물누룽지탕,"[58.13, 2.71, 13.08, [1, 0, 0, 0, 0]]",순두부해물찌개,"[5.62, 17.99, 18.25, [1, 0, 0, 0, 0]]",2,1,4
2023-07-07(금),모듬어묵국,"[19.0, 2.7, 9.0, [1, 0, 0, 0, 0]]",크루통크림스프,"[18.0, 2.8, 1.0, [1, 0, 0, 0, 0]]",콩나물국,"[5.87, 1.54, 2.17, [1, 0, 0, 0, 0]]",6,1,7
2023-07-08(토),크림스프,"[11.0, 2.4, 1.0, [1, 0, 0, 0, 0]]",계란파국,"[0.97, 1.08, 1.58, [1, 0, 0, 0, 0]]",차돌된장찌개,"[14.67, 10.78, 19.1, [1, 0, 0, 0, 0]]",2,4,2
2023-07-09(일),떡국,"[66.59, 3.21, 11.18, [1, 0, 0, 0, 0]]",사골설렁탕,"[0, 0, 0, [0, 0, 0, 0, 1]]",닭곰탕,"[1.87, 4.75, 18.72, [1, 0, 0, 0, 0]]",2,2,4
2023-07-10(월),느타리버섯국,"[17.0, 6.0, 4.0, [1, 0, 0, 0, 0]]",비빔당면,"[75.92, 9.34, 17.37, [1, 0, 0, 0, 0]]",새우순두부계란탕,"[0, 0, 0, [0, 0, 0, 0, 1]]",3,2,2
2023-07-11(화),오징어무국,"[3.8, 0.96, 10.35, [1, 0, 0, 0, 0]]",전복삼계탕,"[24.0, 23.0, 69.0, [1, 0, 0, 0, 0]]",소머리곰탕,"[3.0, 7.0, 36.0, [1, 0, 0, 0, 0]]",8,1,3
2023-07-12(수),닭고기육개장,"[6.0, 6.0, 8.0, [1, 0, 0, 0, 0]]",미역오이냉국,"[3.15, 0.08, 0.97, [1, 0, 0, 0, 0]]",쇠고기버섯전골,"[57.0, 6.0, 46.0, [1, 0, 0, 0, 0]]",1,1,2
2023-07-13(목),사골곰탕,"[0.0, 2.4, 3.0, [1, 0, 0, 0, 0]]",바지락칼국수,"[111.14, 3.9, 23.85, [1, 0, 0, 0, 0]]",유부장국,"[8.17, 2.48, 5.99, [1, 0, 0, 0, 0]]",5,1,3
2023-07-14(금),밥1,"[0, 0, 0, [1, 0, 0, 0, 0]]",,"[0, 0, 0, [0, 0, 0, 0, 1]]",,"[0, 0, 0, [0, 0, 0, 0, 1]]",1,8,7
2023-07-15(토),크루통크림스프,"[18.0, 2.8, 1.0, [1, 0, 0, 0, 0]]",팽이버섯된장국,"[0, 0, 0, [0, 0, 0, 0, 1]]",배추된장국,"[8.64, 2.01, 3.8, [1, 0, 0, 0, 0]]",1,7,4
2023-07-16(일),콩나물국,"[5.87, 1.54, 2.17, [1, 0, 0, 0, 0]]",꼬리곰탕,"[7.0, 13.0, 32.0, [1, 0, 0, 0, 0]]",순대국,"[33.78, 10.35, 23.25, [1, 0, 0, 0, 0]]",6,1,4
2023-07-17(월),감자수제비국,"[66.44, 6.59, 15.81, [1, 0, 0, 0, 0]]",대구매운탕,"[0, 0, 0, [0, 0, 0, 0, 1]]",만두육개장,"[0, 0, 0, [0, 0, 0, 0, 1]]",4,1,4
2023-07-18(화),감자짜글이,"[32.0, 1.8, 5.0, [1, 0, 0, 0, 0]]",쇠고기미역국,"[16.08, 6.78, 15.06, [1, 0, 0, 0, 0]]",비빔당면,"[75.92, 9.34, 17.37, [1, 0, 0, 0, 0]]",3,19,2
2023-07-19(수),쇠고기무국,"[12.07, 8.62, 16.43, [1, 0, 0, 0, 0]]",물냉면,"[64.58, 5.74, 16.5, [1, 0, 0, 0, 0]]",소머리곰탕,"[3.0, 7.0, 36.0, [1, 0, 0, 0, 0]]",23,1,3
2023-07-20(목),북어채국,"[3.28, 4.9, 12.81, [1, 0, 0, 0, 0]]",돼지고기김치찌개,"[6.38, 8.09, 8.17, [1, 0, 0, 0, 0]]",버섯매운탕,"[78.0, 8.0, 38.0, [1, 0, 0, 0, 0]]",4,6,5
2023-07-21(금),쇠고기감자국,"[7.0, 2.4, 13.0, [1, 0, 0, 0, 0]]",삼계탕,"[20.41, 15.89, 55.5, [1, 0, 0, 0, 0]]",강된장찌개,"[16.77, 5.6, 15.01, [1, 0, 0, 0, 0]]",3,6,3
2023-07-22(토),새우버거,"[46.0, 26.0, 15.0, [1, 0, 0, 0, 0]]",차돌된장찌개,"[14.67, 10.78, 19.1, [1, 0, 0, 0, 0]]",부대찌개,"[41.11, 38.55, 27.7, [1, 0, 0, 0, 0]]",5,2,11
2023-07-23(일),호박고추장찌개,"[13.53, 2.9, 6.9, [1, 0, 0, 0, 0]]",된장찌개,"[16.77, 5.6, 15.01, [1, 0, 0, 0, 0]]",쇠고기육개장,"[6.0, 6.0, 8.0, [1, 0, 0, 0, 0]]",8,8,9
2023-07-24(월),배추된장국,"[8.64, 2.01, 3.8, [1, 0, 0, 0, 0]]",쇠고기버섯전골,"[57.0, 6.0, 46.0, [1, 0, 0, 0, 0]]",계란파국,"[0.97, 1.08, 1.58, [1, 0, 0, 0, 0]]",11,2,4
2023-07-25(화),떡국,"[66.59, 3.21, 11.18, [1, 0, 0, 0, 0]]",짬뽕찌개,"[0, 0, 0, [0, 0, 0, 0, 1]]",쇠고기감자국,"[7.0, 2.4, 13.0, [1, 0, 0, 0, 0]]",2,4,2
2023-07-26(수),김치국,"[1.39, 1.63, 1.62, [1, 0, 0, 0, 0]]",사골곰탕,"[0.0, 2.4, 3.0, [1, 0, 0, 0, 0]]",갈비탕,"[11.63, 31.26, 33.29, [1, 0, 0, 0, 0]]",3,4,5
2023-07-27(목),오징어무국,"[3.8, 0.96, 10.35, [1, 0, 0, 0, 0]]",반도리탕,"[40.0, 31.0, 43.0, [1, 0, 0, 0, 0]]",만두육개장,"[0, 0, 0, [0, 0, 0, 0, 1]]",8,1,4
2023-07-28(금),닭곰탕,"[1.87, 4.75, 18.72, [1, 0, 0, 0, 0]]",순두부해물찌개,"[5.62, 17.99, 18.25, [1, 0, 0, 0, 0]]",된장찌개,"[16.77, 5.6, 15.01, [1, 0, 0, 0, 0]]",9,2,1
2023-07-29(토),시리얼,"[27.4, 1.12, 2.39, [1, 0, 0, 0, 0]]",청포묵김가루무침,"[0, 0, 0, [0, 0, 0, 0, 1]]",두부구이,"[3.42, 6.94, 8.96, [1, 0, 0, 0, 0]]",3,1,1
2023-07-30(일),모듬어묵국,"[19.0, 2.7, 9.0, [1, 0, 0, 0, 0]]",부대찌개,"[41.11, 38.55, 27.7, [1, 0, 0, 0, 0]]",사골설렁탕,"[0, 0, 0, [0, 0, 0, 0, 1]]",6,11,2
2023-07-31(월),감자짜글이,"[32.0, 1.8, 5.0, [1, 0, 0, 0, 0]]",참치김치찌개,"[6.11, 4.71, 9.71, [1, 0, 0, 0, 0]]",반도리탕,"[40.0, 31.0, 43.0, [1, 0, 0, 0, 0]]",3,7,2
2023-08-01(화),쇠고기육개장,"[6.0, 6.0, 8.0, [1, 0, 0, 0, 0]]",쇠고기미역국,"[16.08, 6.78, 15.06, [1, 0, 0, 0, 0]]",참치김치찌개,"[6.11, 4.71, 9.71, [1, 0, 0, 0, 0]]",5,19,6
2023-08-02(수),김치국,"[1.39, 1.63, 1.62, [1, 0, 0, 0, 0]]",쇠고기버섯전골,"[57.0, 6.0, 46.0, [1, 0, 0, 0, 0]]",소머리곰탕,"[3.0, 7.0, 36.0, [1, 0, 0, 0, 0]]",3,2,3
2023-08-03(목),닭곰탕,"[1.87, 4.75, 18.72, [1, 0, 0, 0, 0]]",강된장찌개,"[16.77, 5.6, 15.01, [1, 0, 0, 0, 0]]",만두육개장,"[0, 0, 0, [0, 0, 0, 0, 1]]",9,2,4
2023-08-04(금),감자양파찌개,"[14.04, 1.86, 2.04, [1, 0, 0, 0, 0]]",쇠고기무국,"[12.07, 8.62, 16.43, [1, 0, 0, 0, 0]]",차돌된장찌개,"[14.67, 10.78, 19.1, [1, 0, 0, 0, 0]]",4,5,2
2023-08-05(토),반미샌드위치,"[34.0, 22.0, 13.0, [1, 0, 0, 0, 0]]",순두부해물찌개,"[5.62, 17.99, 18.25, [1, 0, 0, 0, 0]]",비빔당면,"[75.92, 9.34, 17.37, [1, 0, 0, 0, 0]]",1,2,2
2023-08-06(일),감자짜글이,"[32.0, 1.8, 5.0, [1, 0, 0, 0, 0]]",부대찌개,"[41.11, 38.55, 27.7, [1, 0, 0, 0, 0]]",닭볶음탕,"[9.4, 9.5, 25.72, [1, 0, 0, 0, 0]]",3,11,5
2023-08-07(월),쇠고기감자국,"[7.0, 2.4, 13.0, [1, 0, 0, 0, 0]]",사골곰탕,"[0.0, 2.4, 3.0, [1, 0, 0, 0, 0]]",닭고기육개장,"[6.0, 6.0, 8.0, [1, 0, 0, 0, 0]]",3,4,7
2023-08-08(화),열무된장국,"[5.31, 1.35, 3.39, [1, 0, 0, 0, 0]]",콩국수,"[81.4, 10.47, 25.01, [1, 0, 0, 0, 0]]",짬뽕찌개,"[0, 0, 0, [0, 0, 0, 0, 1]]",2,1,7
2023-08-09(수),느타리버섯국,"[17.0, 6.0, 4.0, [1, 0, 0, 0, 0]]",돼지고기김치찌개,"[6.38, 8.09, 8.17, [1, 0, 0, 0, 0]]",떡만둣국,"[68.42, 11.05, 15.0, [1, 0, 0, 0, 0]]",3,6,1
2023-08-10(목),오징어무국,"[3.8, 0.96, 10.35, [1, 0, 0, 0, 0]]",삼계탕,"[20.41, 15.89, 55.5, [1, 0, 0, 0, 0]]",꼬리곰탕,"[7.0, 13.0, 32.0, [1, 0, 0, 0, 0]]",8,6,2
2023-08-11(금),배추된장국,"[8.64, 2.01, 3.8, [1, 0, 0, 0, 0]]",전복물회,"[0, 0, 0, [0, 0, 0, 0, 1]]",새우순두부계란탕,"[0, 0, 0, [0, 0, 0, 0, 1]]",11,2,2
2023-08-12(토),시리얼,"[27.4, 1.12, 2.39, [1, 0, 0, 0, 0]]",,"[0, 0, 0, [0, 0, 0, 0, 1]]",,"[0, 0, 0, [0, 0, 0, 0, 1]]",3,8,7
2023-08-13(일),호박고추장찌개,"[13.53, 2.9, 6.9, [1, 0, 0, 0, 0]]",순대국,"[33.78, 10.35, 23.25, [1, 0, 0, 0, 0]]",참치김치찌개,"[6.11, 4.71, 9.71, [1, 0, 0, 0, 0]]",8,6,6
2023-08-14(월),팽이버섯된장국,"[0, 0, 0, [0, 0, 0, 0, 1]]",홍합살무국,"[0, 0, 0, [0, 0, 0, 0, 1]]",계란파국,"[0.97, 1.08, 1.58, [1, 0, 0, 0, 0]]",4,2,4
2023-08-15(화),쇠고기무국,"[12.07, 8.62, 16.43, [1, 0, 0, 0, 0]]",비빔당면,"[75.92, 9.34, 17.37, [1, 0, 0, 0, 0]]",순두부해물찌개,"[5.62, 17.99, 18.25, [1, 0, 0, 0, 0]]",23,2,4
2023-08-16(수),열무된장국,"[5.31, 1.35, 3.39, [1, 0, 0, 0, 0]]",도토리묵사발,"[33.0, 4.5, 2.0, [1, 0, 0, 0, 0]]",쇠고기육개장,"[6.0, 6.0, 8.0, [1, 0, 0, 0, 0]]",2,2,9
2023-08-17(목),김치국,"[1.39, 1.63, 1.62, [1, 0, 0, 0, 0]]",함박스테이크,"[14.18, 8.81, 12.25, [1, 0, 0, 0, 0]]",감자수제비국,"[66.44, 6.59, 15.81, [1, 0, 0, 0, 0]]",3,1,8
2023-08-18(금),닭곰탕,"[1.87, 4.75, 18.72, [1, 0, 0, 0, 0]]",콩나물국,"[5.87, 1.54, 2.17, [1, 0, 0, 0, 0]]",반도리탕,"[40.0, 31.0, 43.0, [1, 0, 0, 0, 0]]",9,10,2
2023-08-19(토),뉴욕핫도그,"[15.0, 8.1, 15.0, [1, 0, 0, 0, 0]]",감자양파찌개,"[14.04, 1.86, 2.04, [1, 0, 0, 0, 0]]",북어채국,"[3.28, 4.9, 12.81, [1, 0, 0, 0, 0]]",3,1,1
2023-08-20(일),배추된장국,"[8.64, 2.01, 3.8, [1, 0, 0, 0, 0]]",사골곰탕,"[0.0, 2.4, 3.0, [1, 0, 0, 0, 0]]",강된장찌개,"[16.77, 5.6, 15.01, [1, 0, 0, 0, 0]]",11,4,3
2023-08-21(월),오징어무국,"[3.8, 0.96, 10.35, [1, 0, 0, 0, 0]]",모듬어묵국,"[19.0, 2.7, 9.0, [1, 0, 0, 0, 0]]",꼬리곰탕,"[7.0, 13.0, 32.0, [1, 0, 0, 0, 0]]",8,2,2
2023-08-22(화),느타리버섯국,"[17.0, 6.0, 4.0, [1, 0, 0, 0, 0]]",새우순두부계란탕,"[0, 0, 0, [0, 0, 0, 0, 1]]",짬뽕찌개,"[0, 0, 0, [0, 0, 0, 0, 1]]",3,1,7
2023-08-23(수),닭볶음탕,"[9.4, 9.5, 25.72, [1, 0, 0, 0, 0]]",차돌된장찌개,"[14.67, 10.78, 19.1, [1, 0, 0, 0, 0]]",팽이버섯된장국,"[0, 0, 0, [0, 0, 0, 0, 1]]",1,2,9
2023-08-24(목),버섯매운탕,"[78.0, 8.0, 38.0, [1, 0, 0, 0, 0]]",냉모밀,"[51.38, 4.72, 7.98, [1, 0, 0, 0, 0]]",갈비탕,"[11.63, 31.26, 33.29, [1, 0, 0, 0, 0]]",5,1,5
2023-08-25(금),쇠고기감자국,"[7.0, 2.4, 13.0, [1, 0, 0, 0, 0]]",시래기감자탕,"[15.0, 9.0, 30.0, [1, 0, 0, 0, 0]]",감자짜글이,"[32.0, 1.8, 5.0, [1, 0, 0, 0, 0]]",3,2,5
2023-08-26(토),시리얼,"[27.4, 1.12, 2.39, [1, 0, 0, 0, 0]]",,"[0, 0, 0, [0, 0, 0, 0, 1]]",,"[0, 0, 0, [0, 0, 0, 0, 1]]",3,8,7
2023-08-27(일),버섯매운탕,"[78.0, 8.0, 38.0, [1, 0, 0, 0, 0]]",콩나물국,"[5.87, 1.54, 2.17, [1, 0, 0, 0, 0]]",쇠고기버섯전골,"[57.0, 6.0, 46.0, [1, 0, 0, 0, 0]]",5,10,2
2023-08-28(월),북어채국,"[3.28, 4.9, 12.81, [1, 0, 0, 0, 0]]",사골설렁탕,"[0, 0, 0, [0, 0, 0, 0, 1]]",돼지고기김치찌개,"[6.38, 8.09, 8.17, [1, 0, 0, 0, 0]]",4,2,10
2023-08-29(화),떡만둣국,"[68.42, 11.05, 15.0, [1, 0, 0, 0, 0]]",부대찌개,"[41.11, 38.55, 27.7, [1, 0, 0, 0, 0]]",감자수제비국,"[66.44, 6.59, 15.81, [1, 0, 0, 0, 0]]",2,11,8
2023-08-30(수),호박고추장찌개,"[13.53, 2.9, 6.9, [1, 0, 0, 0, 0]]",된장찌개,"[16.77, 5.6, 15.01, [1, 0, 0, 0, 0]]",닭곰탕,"[1.87, 4.75, 18.72, [1, 0, 0, 0, 0]]",8,8,4
2023-08-31(목),만두육개장,"[0, 0, 0, [0, 0, 0, 0, 1]]",오므라이스,"[46.8, 14.75, 14.77, [1, 0, 0, 0, 0]]",계란파국,"[0.97, 1.08, 1.58, [1, 0, 0, 0, 0]]",3,1,4
2023-09-01(금),물만두국,"[29.95, 21.79, 24.12, [1, 0, 0, 0, 0]]",쇠고기미역국,"[16.08, 6.78, 15.06, [1, 0, 0, 0, 0]]",순두부해물찌개,"[5.62, 17.99, 18.25, [1, 0, 0, 0, 0]]",8,19,4
2023-09-02(토),햄슬라이스버거,"[0.0, 10.0, 16.0, [1, 0, 0, 0, 0]]",닭곰탕,"[1.87, 4.75, 18.72, [1, 0, 0, 0, 0]]",감자짜글이,"[32.0, 1.8, 5.0, [1, 0, 0, 0, 0]]",1,6,5
2023-09-03(일),조랭이떡들깨탕,"[0, 0, 0, [0, 0, 0, 0, 1]]",우동국,"[12.38, 2.74, 1.62, [1, 0, 0, 0, 0]]",사골우거지국,"[6.0, 7.0, 14.0, [1, 0, 0, 0, 0]]",1,1,6
2023-09-04(월),오징어무국,"[3.8, 0.96, 10.35, [1, 0, 0, 0, 0]]",돼지고기김찌찌개,"[15.0, 6.0, 10.0, [1, 0, 0, 0, 0]]",닭볶음탕,"[9.4, 9.5, 25.72, [1, 0, 0, 0, 0]]",8,1,5
2023-09-05(화),모듬어묵탕,"[19.0, 2.7, 9.0, [1, 0, 0, 0, 0]]",낙지연포탕,"[0, 0, 0, [0, 0, 0, 0, 1]]",오므라이스,"[46.8, 14.75, 14.77, [1, 0, 0, 0, 0]]",6,3,1
2023-09-06(수),황태해장국,"[12.07, 4.14, 18.33, [1, 0, 0, 0, 0]]",전투식량,"[0, 0, 0, [0, 0, 0, 0, 1]]",짬뽕수제비국,"[93.0, 3.7, 10.0, [1, 0, 0, 0, 0]]",3,2,2
2023-09-07(목),소고기된장찌개,"[0, 0, 0, [0, 0, 0, 0, 1]]",해물된장찌개,"[15.2, 5.67, 18.57, [1, 0, 0, 0, 0]]",두부김치국,"[18.0, 26.0, 28.0, [1, 0, 0, 0, 0]]",1,2,2
2023-09-08(금),삼색수제비국,"[0, 0, 0, [0, 0, 0, 0, 1]]",쇠고기육개장,"[6.0, 6.0, 8.0, [1, 0, 0, 0, 0]]",쇠고기콩나물국,"[0, 0, 0, [0, 0, 0, 0, 1]]",1,2,1
2023-09-09(토),쇠고기스프,"[56.0, 6.4, 8.0, [1, 0, 0, 0, 0]]",깍두기,"[3.21, 0.29, 0.62, [1, 0, 0, 0, 0]]",식혜,"[12.11, 0.02, 0.2, [1, 0, 0, 0, 0]]",1,1,1
2023-09-10(일),명태매운탕,"[0, 0, 0, [0, 0, 0, 0, 1]]",닭개장,"[7.33, 14.54, 31.38, [1, 0, 0, 0, 0]]",팽이버섯두부국,"[0, 0, 0, [0, 0, 0, 0, 1]]",1,1,2
2023-09-11(월),홍합살무국,"[0, 0, 0, [0, 0, 0, 0, 1]]",쇠고기미역국,"[16.08, 6.78, 15.06, [1, 0, 0, 0, 0]]",메밀소바,"[75.0, 2.1, 11.0, [1, 0, 0, 0, 0]]",1,19,2
2023-09-12(화),쇠고기콩나물국,"[0, 0, 0, [0, 0, 0, 0, 1]]",훈제연어스테이크,"[0.0, 11.68, 21.43, [1, 0, 0, 0, 0]]",유부된장국,"[8.17, 2.48, 5.99, [1, 0, 0, 0, 0]]",1,1,5
2023-09-13(수),꼬꼬떡국,"[0, 0, 0, [0, 0, 0, 0, 1]]",돼지고기김치찌개,"[6.38, 8.09, 8.17, [1, 0, 0, 0, 0]]",크림스프,"[11.0, 2.4, 1.0, [1, 0, 0, 0, 0]]",3,6,1
2023-09-14(목),굴림만두계란탕,"[0, 0, 0, [0, 0, 0, 0, 1]]",팽이버섯된장국,"[0, 0, 0, [0, 0, 0, 0, 1]]",부대찌개,"[41.11, 38.55, 27.7, [1, 0, 0, 0, 0]]",2,7,11
2023-09-15(금),쇠고기무국,"[12.07, 8.62, 16.43, [1, 0, 0, 0, 0]]",짬뽕수제비국,"[93.0, 3.7, 10.0, [1, 0, 0, 0, 0]]",순두부찌개,"[5.62, 17.99, 18.25, [1, 0, 0, 0, 0]]",23,2,11
2023-09-16(토),에그맥머핀,"[30.0, 12.0, 18.0, [1, 0, 0, 0, 0]]",느타리버섯국,"[17.0, 6.0, 4.0, [1, 0, 0, 0, 0]]",쇠고기감자국,"[7.0, 2.4, 13.0, [1, 0, 0, 0, 0]]",1,1,2
2023-09-17(일),모듬어묵국,"[19.0, 2.7, 9.0, [1, 0, 0, 0, 0]]",사골우거지국,"[6.0, 7.0, 14.0, [1, 0, 0, 0, 0]]",짬뽕찌개,"[0, 0, 0, [0, 0, 0, 0, 1]]",6,5,7
2023-09-18(월),쇠고기무국,"[12.07, 8.62, 16.43, [1, 0, 0, 0, 0]]",시래기감자탕,"[15.0, 9.0, 30.0, [1, 0, 0, 0, 0]]",콩나물무채국,"[5.99, 1.13, 2.31, [1, 0, 0, 0, 0]]",23,2,1
2023-09-19(화),사골배추국,"[0, 0, 0, [0, 0, 0, 0, 1]]",해물된장찌개,"[15.2, 5.67, 18.57, [1, 0, 0, 0, 0]]",계란파국,"[0.97, 1.08, 1.58, [1, 0, 0, 0, 0]]",2,2,4
2023-09-20(수),된장찌개,"[16.77, 5.6, 15.01, [1, 0, 0, 0, 0]]",전복물회,"[0, 0, 0, [0, 0, 0, 0, 1]]",황태해장국,"[12.07, 4.14, 18.33, [1, 0, 0, 0, 0]]",2,2,1
2023-09-21(목),소고기장터국,"[7.0, 3.7, 9.0, [1, 0, 0, 0, 0]]",팽이버섯계란국,"[0, 0, 0, [0, 0, 0, 0, 1]]",닭볶음탕,"[9.4, 9.5, 25.72, [1, 0, 0, 0, 0]]",1,8,5
2023-09-22(금),,"[0, 0, 0, [0, 0, 0, 0, 1]]","토마토,신선형)","[33.66, 1.41, 4.04, [1, 0, 0, 0, 0]]",,"[0, 0, 0, [0, 0, 0, 0, 1]]",5,1,7
2023-09-23(토),전남친베이글,"[0, 0, 0, [0, 0, 0, 0, 1]]",계란파국,"[0.97, 1.08, 1.58, [1, 0, 0, 0, 0]]",돼지고기김치찌개,"[6.38, 8.09, 8.17, [1, 0, 0, 0, 0]]",1,4,10
2023-09-24(일),감자양파찌개,"[14.04, 1.86, 2.04, [1, 0, 0, 0, 0]]",소고기장터국,"[7.0, 3.7, 9.0, [1, 0, 0, 0, 0]]",유부된장국,"[8.17, 2.48, 5.99, [1, 0, 0, 0, 0]]",4,2,5
2023-09-25(월),황태해장국,"[12.07, 4.14, 18.33, [1, 0, 0, 0, 0]]",부대찌개,"[41.11, 38.55, 27.7, [1, 0, 0, 0, 0]]",꿍팟봉커리,"[66.0, 11.0, 11.0, [1, 0, 0, 0, 0]]",3,11,1
2023-09-26(화),된장찌개,"[16.77, 5.6, 15.01, [1, 0, 0, 0, 0]]",비빔국수,"[74.1, 7.22, 14.76, [1, 0, 0, 0, 0]]",햄짜글이,"[55.0, 10.0, 15.0, [1, 0, 0, 0, 0]]",2,1,1
2023-09-27(수),사골배추국,"[0, 0, 0, [0, 0, 0, 0, 1]]",전투식량,"[0, 0, 0, [0, 0, 0, 0, 1]]",유부된장국,"[8.17, 2.48, 5.99, [1, 0, 0, 0, 0]]",2,2,5
2023-09-28(목),참치김치찌개,"[6.11, 4.71, 9.71, [1, 0, 0, 0, 0]]",계란파국,"[0.97, 1.08, 1.58, [1, 0, 0, 0, 0]]",팽이버섯두부국,"[0, 0, 0, [0, 0, 0, 0, 1]]",9,4,2
2023-09-29(금),유부주머니어묵탕,"[0, 0, 0, [0, 0, 0, 0, 1]]",쇠고기두부탕국,"[0, 0, 0, [0, 0, 0, 0, 1]]",짬뽕수제비국,"[93.0, 3.7, 10.0, [1, 0, 0, 0, 0]]",1,1,2
2023-09-30(토),불고기버거,"[50.0, 22.0, 20.0, [1, 0, 0, 0, 0]]",팽이버섯계란국,"[0, 0, 0, [0, 0, 0, 0, 1]]",들깨미역국,"[11.76, 5.28, 2.78, [1, 0, 0, 0, 0]]",6,8,1
2023-11-01(수),오징어국,"[12.11, 3.33, 35.99, [1, 0, 0, 0, 0]]",콩나물국,"[5.87, 1.54, 2.17, [1, 0, 0, 0, 0]]",호박고추장찌개,"[13.53, 2.9, 6.9, [1, 0, 0, 0, 0]]",4,10,6
2023-11-02(목),미역국,"[16.08, 6.78, 15.06, [1, 0, 0, 0, 0]]",닭곰탕,"[1.87, 4.75, 18.72, [1, 0, 0, 0, 0]]",김치찌개,"[6.38, 8.09, 8.17, [1, 0, 0, 0, 0]]",5,6,7
2023-11-03(금),버섯매운탕,"[78.0, 8.0, 38.0, [1, 0, 0, 0, 0]]",자장면,"[129.41, 19.98, 26.81, [1, 0, 0, 0, 0]]",쇠고기무국,"[12.07, 8.62, 16.43, [1, 0, 0, 0, 0]]",5,1,6
2023-11-04(토),모짜렐라치즈핫도그,"[27.0, 10.0, 8.0, [1, 0, 0, 0, 0]]",꼬치어묵국,"[23.0, 4.7, 12.0, [1, 0, 0, 0, 0]]",시원한홍합뭇국,"[0, 0, 0, [0, 0, 0, 0, 1]]",1,3,3
2023-11-05(일),모닝빵,"[17.42, 1.43, 3.28, [1, 0, 0, 0, 0]]",버섯된장찌개,"[16.77, 5.6, 15.01, [1, 0, 0, 0, 0]]",김치국,"[1.39, 1.63, 1.62, [1, 0, 0, 0, 0]]",8,3,2
2023-11-06(월),순대찜,"[3.0, 3.2, 3.0, [1, 0, 0, 0, 0]]",치킨스테이크,"[8.0, 7.0, 21.0, [1, 0, 0, 0, 0]]",닭강정,"[10.53, 18.6, 13.8, [1, 0, 0, 0, 0]]",1,2,1
2023-11-07(화),무두부조개탕,"[0, 0, 0, [0, 0, 0, 0, 1]]",호박된장찌개,"[16.77, 5.6, 15.01, [1, 0, 0, 0, 0]]",감자국,"[9.86, 3.52, 4.54, [1, 0, 0, 0, 0]]",3,5,3
2023-11-08(수),미역국,"[16.08, 6.78, 15.06, [1, 0, 0, 0, 0]]",참치김치찌개,"[6.11, 4.71, 9.71, [1, 0, 0, 0, 0]]",비빔막국수,"[58.96, 7.03, 17.39, [1, 0, 0, 0, 0]]",5,7,1
2023-11-09(목),콩나물국,"[5.87, 1.54, 2.17, [1, 0, 0, 0, 0]]",꽃게탕,"[3.95, 1.58, 12.87, [1, 0, 0, 0, 0]]",호박고추장찌개,"[13.53, 2.9, 6.9, [1, 0, 0, 0, 0]]",6,3,6
2023-11-10(금),맑은순두부찌개,"[5.62, 17.99, 18.25, [1, 0, 0, 0, 0]]",미니우동,"[47.56, 0.62, 7.04, [1, 0, 0, 0, 0]]",닭곰탕,"[1.87, 4.75, 18.72, [1, 0, 0, 0, 0]]",6,3,4
2023-11-11(토),불고기버거,"[50.0, 22.0, 20.0, [1, 0, 0, 0, 0]]",유부된장국,"[8.17, 2.48, 5.99, [1, 0, 0, 0, 0]]",중화식계란탕,"[0, 0, 0, [0, 0, 0, 0, 1]]",6,10,1
2023-11-12(일),모닝빵,"[17.42, 1.43, 3.28, [1, 0, 0, 0, 0]]",닭곰탕,"[1.87, 4.75, 18.72, [1, 0, 0, 0, 0]]",감자양파찌개,"[14.04, 1.86, 2.04, [1, 0, 0, 0, 0]]",8,6,3
2023-11-13(월),미역국,"[16.08, 6.78, 15.06, [1, 0, 0, 0, 0]]",광어매운탕,"[0, 0, 0, [0, 0, 0, 0, 1]]",부대찌개,"[41.11, 38.55, 27.7, [1, 0, 0, 0, 0]]",5,1,11
2023-11-14(화),감자수제비국,"[66.44, 6.59, 15.81, [1, 0, 0, 0, 0]]",나가사키짬뽕국,"[77.0, 6.0, 19.0, [1, 0, 0, 0, 0]]",쇠고기무국,"[12.07, 8.62, 16.43, [1, 0, 0, 0, 0]]",4,2,6
2023-11-15(수),오징어국,"[12.11, 3.33, 35.99, [1, 0, 0, 0, 0]]",맑은된장국,"[0, 0, 0, [0, 0, 0, 0, 1]]",소시지핫도그,"[35.0, 30.0, 19.0, [1, 0, 0, 0, 0]]",4,3,1
2023-11-16(목),콩나물국,"[5.87, 1.54, 2.17, [1, 0, 0, 0, 0]]",닭고기육개장,"[6.0, 6.0, 8.0, [1, 0, 0, 0, 0]]",사골곰탕,"[0.0, 2.4, 3.0, [1, 0, 0, 0, 0]]",6,2,2
2023-11-17(금),꼬꼬떡국,"[0, 0, 0, [0, 0, 0, 0, 1]]",버섯매운탕,"[78.0, 8.0, 38.0, [1, 0, 0, 0, 0]]",해물볶음우동,"[77.0, 8.0, 19.0, [1, 0, 0, 0, 0]]",3,4,1
2023-11-18(토),겉바속쫄핫도그,"[0, 0, 0, [0, 0, 0, 0, 1]]",어묵탕,"[13.06, 2.45, 13.11, [1, 0, 0, 0, 0]]",김치국,"[1.39, 1.63, 1.62, [1, 0, 0, 0, 0]]",1,1,2
2023-11-19(일),모닝빵,"[17.42, 1.43, 3.28, [1, 0, 0, 0, 0]]",우족탕,"[13.0, 9.0, 22.0, [1, 0, 0, 0, 0]]",순두부찌개,"[5.62, 17.99, 18.25, [1, 0, 0, 0, 0]]",8,1,11
2023-11-20(월),계란찜,"[2.07, 10.11, 10.05, [1, 0, 0, 0, 0]]",야채샐러드,"[3.22, 0.07, 1.25, [1, 0, 0, 0, 0]]",김치메밀전병,"[26.0, 8.0, 6.0, [1, 0, 0, 0, 0]]",1,1,1
2023-11-21(화),시원한홍합뭇국,"[0, 0, 0, [0, 0, 0, 0, 1]]",미니우동,"[47.56, 0.62, 7.04, [1, 0, 0, 0, 0]]",로제떡볶이,"[60.5, 3.5, 7.6, [1, 0, 0, 0, 0]]",3,3,1
2023-11-22(수),감자국,"[9.86, 3.52, 4.54, [1, 0, 0, 0, 0]]",순대국,"[33.78, 10.35, 23.25, [1, 0, 0, 0, 0]]",호박고추장찌개,"[13.53, 2.9, 6.9, [1, 0, 0, 0, 0]]",1,6,6
2023-11-23(목),쇠고기미역국,"[16.08, 6.78, 15.06, [1, 0, 0, 0, 0]]",감자탕,"[10.01, 5.58, 14.74, [1, 0, 0, 0, 0]]",반마리삼계탕,"[29.0, 9.0, 43.0, [1, 0, 0, 0, 0]]",6,6,2
2023-11-24(금),무두부조개탕,"[0, 0, 0, [0, 0, 0, 0, 1]]",나가사키짬뽕국,"[77.0, 6.0, 19.0, [1, 0, 0, 0, 0]]",콩나물국,"[5.87, 1.54, 2.17, [1, 0, 0, 0, 0]]",3,2,7
2023-11-25(토),치킨텐더,"[5.06, 5.32, 4.93, [1, 0, 0, 0, 0]]",배추된장국,"[8.64, 2.01, 3.8, [1, 0, 0, 0, 0]]",푸팟퐁커리,"[15.0, 15.0, 6.0, [1, 0, 0, 0, 0]]",1,6,1
2023-11-26(일),모닝빵,"[17.42, 1.43, 3.28, [1, 0, 0, 0, 0]]",팽이버섯계란국,"[0, 0, 0, [0, 0, 0, 0, 1]]",닭고기미역국,"[2.0, 3.0, 9.0, [1, 0, 0, 0, 0]]",8,8,2
2023-11-27(월),버섯김치찌개,"[10.55, 5.06, 9.28, [1, 0, 0, 0, 0]]",콩나물국,"[5.87, 1.54, 2.17, [1, 0, 0, 0, 0]]",호박된장찌개,"[16.77, 5.6, 15.01, [1, 0, 0, 0, 0]]",1,10,5
2023-11-28(화),쇠고기미역국,"[16.08, 6.78, 15.06, [1, 0, 0, 0, 0]]",부대찌개,"[41.11, 38.55, 27.7, [1, 0, 0, 0, 0]]",해물스파게티,"[25.29, 4.99, 12.6, [1, 0, 0, 0, 0]]",6,11,1
2023-11-29(수),맑은순두부찌개,"[5.62, 17.99, 18.25, [1, 0, 0, 0, 0]]",돼지국밥,"[0, 0, 0, [1, 0, 0, 0, 0]]",꼬치어묵국,"[23.0, 4.7, 12.0, [1, 0, 0, 0, 0]]",6,2,7
2023-11-30(목),만두국,"[29.95, 21.79, 24.12, [1, 0, 0, 0, 0]]",아귀탕,"[6.69, 5.31, 18.04, [1, 0, 0, 0, 0]]",감자짜글이,"[32.0, 1.8, 5.0, [1, 0, 0, 0, 0]]",2,1,5
2023-12-01(금),쇠고기미역국,"[16.08, 6.78, 15.06, [1, 0, 0, 0, 0]]",버섯매운탕,"[78.0, 8.0, 38.0, [1, 0, 0, 0, 0]]",감자양파찌개,"[14.04, 1.86, 2.04, [1, 0, 0, 0, 0]]",6,4,3
2023-12-02(토),야채고로케,"[9.0, 11.0, 5.0, [1, 0, 0, 0, 0]]",배추된장국,"[8.64, 2.01, 3.8, [1, 0, 0, 0, 0]]",닭곰탕,"[1.87, 4.75, 18.72, [1, 0, 0, 0, 0]]",1,6,4
2023-12-03(일),맑은순두부찌개,"[5.62, 17.99, 18.25, [1, 0, 0, 0, 0]]",호박고추장찌개,"[13.53, 2.9, 6.9, [1, 0, 0, 0, 0]]",김치수제비국,"[112.0, 2.4, 14.0, [1, 0, 0, 0, 0]]",6,4,2
2023-12-04(월),미역국,"[16.08, 6.78, 15.06, [1, 0, 0, 0, 0]]",곱창전골,"[20.96, 23.54, 14.86, [1, 0, 0, 0, 0]]",김치찌개,"[6.38, 8.09, 8.17, [1, 0, 0, 0, 0]]",5,1,7
2023-12-05(화),황태채무국,"[0, 0, 0, [0, 0, 0, 0, 1]]",돈코츠라멘,"[83.47, 10.74, 14.48, [1, 0, 0, 0, 0]]",아귀탕,"[6.69, 5.31, 18.04, [1, 0, 0, 0, 0]]",2,1,1
2023-12-06(수),무두부조개탕,"[0, 0, 0, [0, 0, 0, 0, 1]]",유부된장국,"[8.17, 2.48, 5.99, [1, 0, 0, 0, 0]]",순두부찌개,"[5.62, 17.99, 18.25, [1, 0, 0, 0, 0]]",3,10,11
2023-12-07(목),쇠고기무국,"[12.07, 8.62, 16.43, [1, 0, 0, 0, 0]]",낙지연포탕,"[0, 0, 0, [0, 0, 0, 0, 1]]",굴짬뽕찌개,"[0, 0, 0, [0, 0, 0, 0, 1]]",23,3,1
2023-12-08(금),쇠고기무국,"[12.07, 8.62, 16.43, [1, 0, 0, 0, 0]]",호박고추장찌개,"[13.53, 2.9, 6.9, [1, 0, 0, 0, 0]]",팽이버섯계란국,"[0, 0, 0, [0, 0, 0, 0, 1]]",23,4,10
2023-12-09(토),베이컨구이,"[0, 0, 0, [0, 0, 0, 0, 1]]",유부된장국,"[8.17, 2.48, 5.99, [1, 0, 0, 0, 0]]",버섯된장찌개,"[16.77, 5.6, 15.01, [1, 0, 0, 0, 0]]",2,10,1
2023-12-10(일),콩나물국,"[5.87, 1.54, 2.17, [1, 0, 0, 0, 0]]",버섯매운탕,"[78.0, 8.0, 38.0, [1, 0, 0, 0, 0]]",김치찌개,"[6.38, 8.09, 8.17, [1, 0, 0, 0, 0]]",6,4,7
2023-12-11(월),계란말이,"[2.61, 8.96, 10.18, [1, 0, 0, 0, 0]]",청국장,"[11.05, 4.19, 10.03, [1, 0, 0, 0, 0]]",굴림만두버섯들깨탕,"[0, 0, 0, [0, 0, 0, 0, 1]]",1,3,4
2023-12-12(화),어묵탕,"[13.06, 2.45, 13.11, [1, 0, 0, 0, 0]]",닭곰탕,"[1.87, 4.75, 18.72, [1, 0, 0, 0, 0]]",뉴욕핫도그,"[15.0, 8.1, 15.0, [1, 0, 0, 0, 0]]",4,6,2
2023-12-13(수),사골떡국,"[0.42, 1.8, 5.57, [1, 0, 0, 0, 0]]",돼지갈비김치찌개,"[6.38, 8.09, 8.17, [1, 0, 0, 0, 0]]",자장면,"[129.41, 19.98, 26.81, [1, 0, 0, 0, 0]]",8,1,1
2023-12-14(목),쇠고기무국,"[12.07, 8.62, 16.43, [1, 0, 0, 0, 0]]",콩나물국,"[5.87, 1.54, 2.17, [1, 0, 0, 0, 0]]",치킨스테이크,"[8.0, 7.0, 21.0, [1, 0, 0, 0, 0]]",23,10,1
2023-12-15(금),닭고기미역국,"[2.0, 3.0, 9.0, [1, 0, 0, 0, 0]]",팽이버섯된장국,"[0, 0, 0, [0, 0, 0, 0, 1]]",김치찌개,"[6.38, 8.09, 8.17, [1, 0, 0, 0, 0]]",3,7,7
2023-12-16(토),치킨스테이크,"[8.0, 7.0, 21.0, [1, 0, 0, 0, 0]]",꼬치어묵국,"[23.0, 4.7, 12.0, [1, 0, 0, 0, 0]]",부대찌개,"[41.11, 38.55, 27.7, [1, 0, 0, 0, 0]]",1,3,11
2023-12-17(일),꼬리곰탕,"[7.0, 13.0, 32.0, [1, 0, 0, 0, 0]]",겉바속쫄핫도그,"[0, 0, 0, [0, 0, 0, 0, 1]]",닭고기육개장,"[6.0, 6.0, 8.0, [1, 0, 0, 0, 0]]",2,1,7
2023-12-18(월),북어미역국,"[6.0, 2.0, 16.0, [1, 0, 0, 0, 0]]",비엔나소시지김치찌개,"[0, 0, 0, [0, 0, 0, 0, 1]]",김치찌개,"[6.38, 8.09, 8.17, [1, 0, 0, 0, 0]]",2,3,7
2023-12-19(화),갈비탕,"[11.63, 31.26, 33.29, [1, 0, 0, 0, 0]]",쇠고기미역국,"[16.08, 6.78, 15.06, [1, 0, 0, 0, 0]]",꼬치어묵우동,"[9.36, 6.86, 9.36, [1, 0, 0, 0, 0]]",1,19,2
2023-12-20(수),순대국,"[33.78, 10.35, 23.25, [1, 0, 0, 0, 0]]",배추된장국,"[8.64, 2.01, 3.8, [1, 0, 0, 0, 0]]",감자탕,"[10.01, 5.58, 14.74, [1, 0, 0, 0, 0]]",4,6,4
2023-12-21(목),김치수제비국,"[112.0, 2.4, 14.0, [1, 0, 0, 0, 0]]",굴순두부찌개,"[5.62, 17.99, 18.25, [1, 0, 0, 0, 0]]",새우버거,"[46.0, 26.0, 15.0, [1, 0, 0, 0, 0]]",4,1,1
2023-12-22(금),순두부찌개,"[5.62, 17.99, 18.25, [1, 0, 0, 0, 0]]",유부된장국,"[8.17, 2.48, 5.99, [1, 0, 0, 0, 0]]",콩나물국,"[5.87, 1.54, 2.17, [1, 0, 0, 0, 0]]",4,10,7
2023-12-23(토),양송이스프,"[7.0, 14.0, 3.0, [1, 0, 0, 0, 0]]",쇠고기무국,"[12.07, 8.62, 16.43, [1, 0, 0, 0, 0]]",반마리삼계탕,"[29.0, 9.0, 43.0, [1, 0, 0, 0, 0]]",1,5,2
2023-12-24(일),배추김치,"[0, 0, 0, [1, 0, 0, 0, 0]]",,"[0, 0, 0, [0, 0, 0, 0, 1]]",,"[0, 0, 0, [0, 0, 0, 0, 1]]",1,8,7
2023-12-25(월),떡만두국,"[68.42, 11.05, 15.0, [1, 0, 0, 0, 0]]",버섯매운탕,"[78.0, 8.0, 38.0, [1, 0, 0, 0, 0]]",황태채무국,"[0, 0, 0, [0, 0, 0, 0, 1]]",4,4,1
2023-12-26(화),콩나물김치국,"[1.79, 1.82, 1.92, [1, 0, 0, 0, 0]]",호박된장찌개,"[16.77, 5.6, 15.01, [1, 0, 0, 0, 0]]",어묵탕,"[13.06, 2.45, 13.11, [1, 0, 0, 0, 0]]",6,5,2
2023-12-27(수),오징어국,"[12.11, 3.33, 35.99, [1, 0, 0, 0, 0]]",버섯들깨탕,"[33.0, 1.7, 17.0, [1, 0, 0, 0, 0]]",유부장국,"[8.17, 2.48, 5.99, [1, 0, 0, 0, 0]]",4,2,3
2023-12-28(목),얼큰어묵국,"[0, 0, 0, [0, 0, 0, 0, 1]]",명태매운탕,"[0, 0, 0, [0, 0, 0, 0, 1]]",나가사끼짬뽕,"[80.0, 13.0, 10.0, [1, 0, 0, 0, 0]]",3,3,4
2023-12-29(금),꼬꼬떡국,"[0, 0, 0, [0, 0, 0, 0, 1]]",순대국,"[33.78, 10.35, 23.25, [1, 0, 0, 0, 0]]",맑은된장국,"[0, 0, 0, [0, 0, 0, 0, 1]]",3,6,1
2023-12-30(토),불고기치즈에그버거,"[26.0, 32.0, 13.0, [1, 0, 0, 0, 0]]",두부피자,"[43.0, 25.0, 9.0, [1, 0, 0, 0, 0]]",겉바속쫄핫도그,"[0, 0, 0, [0, 0, 0, 0, 1]]",1,1,1
2023-12-31(일),맑은순두부찌개,"[5.62, 17.99, 18.25, [1, 0, 0, 0, 0]]",부대찌개,"[41.11, 38.55, 27.7, [1, 0, 0, 0, 0]]",사골곰탕,"[0.0, 2.4, 3.0, [1, 0, 0, 0, 0]]",6,11,2
2024-01-01(월),사골떡국,"[0.42, 1.8, 5.57, [1, 0, 0, 0, 0]]",호박된장찌개,"[16.77, 5.6, 15.01, [1, 0, 0, 0, 0]]",오징어국,"[12.11, 3.33, 35.99, [1, 0, 0, 0, 0]]",8,5,2
2024-01-02(화),어묵탕,"[13.06, 2.45, 13.11, [1, 0, 0, 0, 0]]",황태채무국,"[0, 0, 0, [0, 0, 0, 0, 1]]",뉴욕핫도그,"[15.0, 8.1, 15.0, [1, 0, 0, 0, 0]]",4,3,2
2024-01-03(수),쇠고기무국,"[12.07, 8.62, 16.43, [1, 0, 0, 0, 0]]",김치찌개,"[6.38, 8.09, 8.17, [1, 0, 0, 0, 0]]",버섯매운탕,"[78.0, 8.0, 38.0, [1, 0, 0, 0, 0]]",23,3,5
2024-01-04(목),시원한홍합뭇국,"[0, 0, 0, [0, 0, 0, 0, 1]]",부대찌개,"[41.11, 38.55, 27.7, [1, 0, 0, 0, 0]]",버섯매운탕,"[78.0, 8.0, 38.0, [1, 0, 0, 0, 0]]",3,11,5
2024-01-05(금),닭곰탕,"[1.87, 4.75, 18.72, [1, 0, 0, 0, 0]]",우럭매운탕,"[4.12, 5.1, 21.53, [1, 0, 0, 0, 0]]",꼬치어묵국,"[23.0, 4.7, 12.0, [1, 0, 0, 0, 0]]",9,2,7
2024-01-06(토),스모크닭다리,"[2.0, 21.0, 33.0, [1, 0, 0, 0, 0]]",맑은된장국,"[0, 0, 0, [0, 0, 0, 0, 1]]",쇠고기육개장,"[6.0, 6.0, 8.0, [1, 0, 0, 0, 0]]",1,3,9
2024-01-07(일),커피음료,"[0, 0, 0, [0, 0, 0, 0, 1]]",,"[0, 0, 0, [0, 0, 0, 0, 1]]",,"[0, 0, 0, [0, 0, 0, 0, 1]]",1,8,7
2024-01-08(월),미역국,"[16.08, 6.78, 15.06, [1, 0, 0, 0, 0]]",고기국수,"[74.18, 12.22, 14.14, [1, 0, 0, 0, 0]]",쇠고기육개장,"[6.0, 6.0, 8.0, [1, 0, 0, 0, 0]]",5,1,9
2024-01-09(화),팽이버섯계란국,"[0, 0, 0, [0, 0, 0, 0, 1]]",짬뽕찌개,"[0, 0, 0, [0, 0, 0, 0, 1]]",순두부찌개,"[5.62, 17.99, 18.25, [1, 0, 0, 0, 0]]",4,4,11
2024-01-10(수),감자수제비국,"[66.44, 6.59, 15.81, [1, 0, 0, 0, 0]]",미소된장국,"[7.78, 3.36, 6.02, [1, 0, 0, 0, 0]]",부대찌개,"[41.11, 38.55, 27.7, [1, 0, 0, 0, 0]]",4,9,11
2024-01-11(목),어묵탕,"[13.06, 2.45, 13.11, [1, 0, 0, 0, 0]]",굴림만두버섯들깨탕,"[0, 0, 0, [0, 0, 0, 0, 1]]",감자짜글이,"[32.0, 1.8, 5.0, [1, 0, 0, 0, 0]]",4,3,5
2024-01-12(금),호박고추장찌개,"[13.53, 2.9, 6.9, [1, 0, 0, 0, 0]]",꼬치어묵국,"[23.0, 4.7, 12.0, [1, 0, 0, 0, 0]]",불고기버거,"[50.0, 22.0, 20.0, [1, 0, 0, 0, 0]]",8,3,1
2024-01-13(토),치아바타샌드위치,"[197.0, 97.0, 77.0, [1, 0, 0, 0, 0]]",콩나물국,"[5.87, 1.54, 2.17, [1, 0, 0, 0, 0]]",감자양파찌개,"[14.04, 1.86, 2.04, [1, 0, 0, 0, 0]]",2,10,3
2024-01-14(일),떡만두국,"[68.42, 11.05, 15.0, [1, 0, 0, 0, 0]]",비엔나소시지김치찌개,"[0, 0, 0, [0, 0, 0, 0, 1]]",콩나물김치국,"[1.79, 1.82, 1.92, [1, 0, 0, 0, 0]]",4,3,3
2024-01-15(월),닭고기미역국,"[2.0, 3.0, 9.0, [1, 0, 0, 0, 0]]",팽이버섯된장국,"[0, 0, 0, [0, 0, 0, 0, 1]]",스팸짜글이,"[0, 0, 0, [0, 0, 0, 0, 1]]",3,7,1
2024-01-16(화),북어미역국,"[6.0, 2.0, 16.0, [1, 0, 0, 0, 0]]",명태매운탕,"[0, 0, 0, [0, 0, 0, 0, 1]]",돈코츠라멘차슈,"[83.47, 10.74, 14.48, [1, 0, 0, 0, 0]]",2,3,4
2024-01-17(수),참치김치찌개,"[6.11, 4.71, 9.71, [1, 0, 0, 0, 0]]",된장국,"[9.93, 1.85, 5.55, [1, 0, 0, 0, 0]]",나가사끼짬뽕,"[80.0, 13.0, 10.0, [1, 0, 0, 0, 0]]",9,1,4
2024-01-18(목),쇠고기미역국,"[16.08, 6.78, 15.06, [1, 0, 0, 0, 0]]",호박된장찌개,"[16.77, 5.6, 15.01, [1, 0, 0, 0, 0]]",닭고기육개장,"[6.0, 6.0, 8.0, [1, 0, 0, 0, 0]]",6,5,7
2024-01-19(금),닭곰탕,"[1.87, 4.75, 18.72, [1, 0, 0, 0, 0]]",얼큰순댓국,"[20.0, 26.0, 46.0, [1, 0, 0, 0, 0]]",투움바파스타,"[33.0, 48.0, 18.0, [1, 0, 0, 0, 0]]",9,1,2
2024-01-20(토),찐옥수수,"[29.58, 1.59, 3.87, [1, 0, 0, 0, 0]]",얼큰어묵국,"[0, 0, 0, [0, 0, 0, 0, 1]]",감자짜글이,"[32.0, 1.8, 5.0, [1, 0, 0, 0, 0]]",1,1,5
2024-01-21(일),김치수제비국,"[112.0, 2.4, 14.0, [1, 0, 0, 0, 0]]",뼈없는감자탕,"[14.82, 12.0, 22.56, [1, 0, 0, 0, 0]]",황태채콩나물국,"[5.0, 1.5, 8.0, [1, 0, 0, 0, 0]]",4,1,1
2024-01-22(월),만두국,"[29.95, 21.79, 24.12, [1, 0, 0, 0, 0]]",버섯된장찌개,"[16.77, 5.6, 15.01, [1, 0, 0, 0, 0]]",돼지국밥,"[0, 0, 0, [1, 0, 0, 0, 0]]",2,3,6
2024-01-23(화),맑은순두부찌개,"[5.62, 17.99, 18.25, [1, 0, 0, 0, 0]]",꽃게탕,"[3.95, 1.58, 12.87, [1, 0, 0, 0, 0]]",치킨버거,"[40.9, 15.4, 15.0, [1, 0, 0, 0, 0]]",6,3,2
2024-01-24(수),새우살감자국,"[0.0, 0.0, 6.0, [1, 0, 0, 0, 0]]",낙지연포탕,"[0, 0, 0, [0, 0, 0, 0, 1]]",묵은지김치찌개,"[15.0, 25.0, 20.0, [1, 0, 0, 0, 0]]",1,3,3
2024-01-25(목),쇠고기미역국,"[16.08, 6.78, 15.06, [1, 0, 0, 0, 0]]",김치찌개,"[6.38, 8.09, 8.17, [1, 0, 0, 0, 0]]",비엔나소시지김치찌개,"[0, 0, 0, [0, 0, 0, 0, 1]]",6,3,2
2024-01-26(금),배추된장국,"[8.64, 2.01, 3.8, [1, 0, 0, 0, 0]]",콩나물김치국,"[1.79, 1.82, 1.92, [1, 0, 0, 0, 0]]",쇠고기무국,"[12.07, 8.62, 16.43, [1, 0, 0, 0, 0]]",11,1,6
2024-01-27(토),폴드포크 바베큐,"[96.3, 35.4, 35.0, [1, 0, 0, 0, 0]]",배추된장국,"[8.64, 2.01, 3.8, [1, 0, 0, 0, 0]]",버섯매운탕,"[78.0, 8.0, 38.0, [1, 0, 0, 0, 0]]",1,6,5
2024-01-28(일),닭고기미역국,"[2.0, 3.0, 9.0, [1, 0, 0, 0, 0]]",짬뽕찌개,"[0, 0, 0, [0, 0, 0, 0, 1]]",순두부찌개,"[5.62, 17.99, 18.25, [1, 0, 0, 0, 0]]",3,4,11
2024-01-29(월),사골떡국,"[0.42, 1.8, 5.57, [1, 0, 0, 0, 0]]",차돌곱창전골,"[20.96, 23.54, 14.86, [1, 0, 0, 0, 0]]",큐브스테이크,"[3.0, 16.0, 28.0, [1, 0, 0, 0, 0]]",8,1,1
2024-01-30(화),얼큰어묵국,"[0, 0, 0, [0, 0, 0, 0, 1]]",팽이버섯계란국,"[0, 0, 0, [0, 0, 0, 0, 1]]",닭고기육개장,"[6.0, 6.0, 8.0, [1, 0, 0, 0, 0]]",3,8,7
2024-01-31(수),참치김치찌개,"[6.11, 4.71, 9.71, [1, 0, 0, 0, 0]]",비빔막국수,"[58.96, 7.03, 17.39, [1, 0, 0, 0, 0]]",유부된장국,"[8.17, 2.48, 5.99, [1, 0, 0, 0, 0]]",9,3,5
2024-02-01(목),아귀탕,"[6.69, 5.31, 18.04, [1, 0, 0, 0, 0]]",쇠고기미역국,"[16.08, 6.78, 15.06, [1, 0, 0, 0, 0]]",시래기된장국,"[7.83, 1.83, 5.21, [1, 0, 0, 0, 0]]",1,19,1
2024-02-02(금),시원한홍합뭇국,"[0, 0, 0, [0, 0, 0, 0, 1]]",감자짜글이,"[32.0, 1.8, 5.0, [1, 0, 0, 0, 0]]",묵은지김치찌개,"[15.0, 25.0, 20.0, [1, 0, 0, 0, 0]]",3,2,3
2024-02-03(토),뉴욕핫도그,"[15.0, 8.1, 15.0, [1, 0, 0, 0, 0]]",맑은된장국,"[0, 0, 0, [0, 0, 0, 0, 1]]",짬뽕찌개,"[0, 0, 0, [0, 0, 0, 0, 1]]",3,3,7
2024-02-04(일),어묵탕,"[13.06, 2.45, 13.11, [1, 0, 0, 0, 0]]",순두부찌개,"[5.62, 17.99, 18.25, [1, 0, 0, 0, 0]]",배추된장국,"[8.64, 2.01, 3.8, [1, 0, 0, 0, 0]]",4,5,4
2024-02-05(월),미소된장국,"[7.78, 3.36, 6.02, [1, 0, 0, 0, 0]]",꽃게탕,"[3.95, 1.58, 12.87, [1, 0, 0, 0, 0]]",유부장국,"[8.17, 2.48, 5.99, [1, 0, 0, 0, 0]]",3,3,3
2024-02-06(화),쇠고기무국,"[12.07, 8.62, 16.43, [1, 0, 0, 0, 0]]",밥,"[0, 0, 0, [1, 0, 0, 0, 0]]",우동장국,"[18.0, 0.0, 6.0, [1, 0, 0, 0, 0]]",23,1,9
2024-02-07(수),감자양파찌개,"[14.04, 1.86, 2.04, [1, 0, 0, 0, 0]]",닭고기육개장,"[6.0, 6.0, 8.0, [1, 0, 0, 0, 0]]",비엔나소시지김치찌개,"[0, 0, 0, [0, 0, 0, 0, 1]]",4,2,2
2024-02-08(목),햄김치찌개,"[6.47, 7.57, 7.51, [1, 0, 0, 0, 0]]",새우알리오올리오파스타,"[85.0, 33.0, 21.0, [1, 0, 0, 0, 0]]",어묵탕,"[13.06, 2.45, 13.11, [1, 0, 0, 0, 0]]",1,1,2
2024-02-09(금),모닝빵&블루베리잼,"[17.42, 1.43, 3.28, [1, 0, 0, 0, 0]]",버섯된장찌개,"[16.77, 5.6, 15.01, [1, 0, 0, 0, 0]]",콩나물국,"[5.87, 1.54, 2.17, [1, 0, 0, 0, 0]]",2,3,7
2024-02-10(토),떡만두국,"[68.42, 11.05, 15.0, [1, 0, 0, 0, 0]]",호박고추장찌개,"[13.53, 2.9, 6.9, [1, 0, 0, 0, 0]]",참치두부찌개,"[5.62, 17.99, 18.25, [1, 0, 0, 0, 0]]",4,4,1
2024-02-11(일),김치수제비국,"[112.0, 2.4, 14.0, [1, 0, 0, 0, 0]]",누룽지삼계탕,"[33.0, 23.0, 98.0, [1, 0, 0, 0, 0]]",차돌육개장,"[9.0, 12.0, 18.0, [1, 0, 0, 0, 0]]",4,1,2
2024-02-12(월),참치김치찌개,"[6.11, 4.71, 9.71, [1, 0, 0, 0, 0]]",스팸짜글이,"[0, 0, 0, [0, 0, 0, 0, 1]]",호박된장찌개,"[16.77, 5.6, 15.01, [1, 0, 0, 0, 0]]",9,1,5
2024-02-13(화),얼큰어묵국,"[0, 0, 0, [0, 0, 0, 0, 1]]",팽이버섯계란국,"[0, 0, 0, [0, 0, 0, 0, 1]]",차돌곱창전골,"[20.96, 23.54, 14.86, [1, 0, 0, 0, 0]]",3,8,1
2024-02-14(수),햄치즈에그버거,"[75.0, 10.0, 47.0, [1, 0, 0, 0, 0]]",호박된장찌개,"[16.77, 5.6, 15.01, [1, 0, 0, 0, 0]]",짬뽕찌개,"[0, 0, 0, [0, 0, 0, 0, 1]]",1,5,7
2024-02-15(목),감자양파찌개,"[14.04, 1.86, 2.04, [1, 0, 0, 0, 0]]",잔치국수,"[83.16, 3.94, 20.78, [1, 0, 0, 0, 0]]",꼬치어묵국,"[23.0, 4.7, 12.0, [1, 0, 0, 0, 0]]",4,2,7
2024-02-16(금),두부맑은국,"[0, 0, 0, [0, 0, 0, 0, 1]]",단호박카레라이스,"[0, 0, 0, [0, 0, 0, 0, 1]]",나가사끼짬뽕,"[80.0, 13.0, 10.0, [1, 0, 0, 0, 0]]",5,1,4
2024-02-17(토),바베큐폭립,"[17.0, 9.0, 25.0, [1, 0, 0, 0, 0]]",스팸구이,"[32.0, 3.9, 6.0, [1, 0, 0, 0, 0]]",유부된장국,"[8.17, 2.48, 5.99, [1, 0, 0, 0, 0]]",1,1,5
2024-02-18(일),배추된장국,"[8.64, 2.01, 3.8, [1, 0, 0, 0, 0]]",쇠고기육개장,"[6.0, 6.0, 8.0, [1, 0, 0, 0, 0]]",얼큰순댓국,"[20.0, 26.0, 46.0, [1, 0, 0, 0, 0]]",11,2,1
2024-02-19(월),오징어국,"[12.11, 3.33, 35.99, [1, 0, 0, 0, 0]]",바지락살무국,"[6.68, 2.29, 28.91, [1, 0, 0, 0, 0]]",차돌샤브국,"[0, 0, 0, [0, 0, 0, 0, 1]]",4,2,1
2024-02-20(화),버섯된장찌개,"[16.77, 5.6, 15.01, [1, 0, 0, 0, 0]]",냉이된장국,"[15.24, 3.41, 9.74, [1, 0, 0, 0, 0]]",우동장국,"[18.0, 0.0, 6.0, [1, 0, 0, 0, 0]]",1,1,9
2024-02-21(수),콩나물김치국,"[1.79, 1.82, 1.92, [1, 0, 0, 0, 0]]",추어탕,"[3.54, 8.01, 26.52, [1, 0, 0, 0, 0]]",닭고기육개장,"[6.0, 6.0, 8.0, [1, 0, 0, 0, 0]]",6,1,7
2024-02-22(목),꼬치어묵국,"[23.0, 4.7, 12.0, [1, 0, 0, 0, 0]]",감자탕,"[10.01, 5.58, 14.74, [1, 0, 0, 0, 0]]",돈코츠라멘차슈,"[83.47, 10.74, 14.48, [1, 0, 0, 0, 0]]",1,6,4
2024-02-23(금),쇠고기무국,"[12.07, 8.62, 16.43, [1, 0, 0, 0, 0]]",청국장,"[11.05, 4.19, 10.03, [1, 0, 0, 0, 0]]",뼈다귀해장국,"[7.1, 13.54, 39.94, [1, 0, 0, 0, 0]]",23,3,2
2024-02-24(토),치아바타샌드위치,"[197.0, 97.0, 77.0, [1, 0, 0, 0, 0]]",감바스라이스,"[59.0, 9.0, 8.0, [1, 0, 0, 0, 0]]",닭고기미역국,"[2.0, 3.0, 9.0, [1, 0, 0, 0, 0]]",2,2,2
2024-02-25(일),닭곰탕,"[1.87, 4.75, 18.72, [1, 0, 0, 0, 0]]",유부된장국,"[8.17, 2.48, 5.99, [1, 0, 0, 0, 0]]",짬뽕찌개,"[0, 0, 0, [0, 0, 0, 0, 1]]",9,10,7
2024-02-26(월),황태채무국,"[0, 0, 0, [0, 0, 0, 0, 1]]",사골떡국,"[0.42, 1.8, 5.57, [1, 0, 0, 0, 0]]",김치어묵수제비,"[57.67, 6.81, 15.37, [1, 0, 0, 0, 0]]",2,1,1
2024-02-27(화),팽이버섯된장국,"[0, 0, 0, [0, 0, 0, 0, 1]]",감자짜글이,"[32.0, 1.8, 5.0, [1, 0, 0, 0, 0]]",분모자떡볶이,"[105.0, 3.0, 4.0, [1, 0, 0, 0, 0]]",4,2,1
2024-02-28(수),모닝빵&블루베리잼,"[17.42, 1.43, 3.28, [1, 0, 0, 0, 0]]",부대찌개,"[41.11, 38.55, 27.7, [1, 0, 0, 0, 0]]",묵은지김치찌개,"[15.0, 25.0, 20.0, [1, 0, 0, 0, 0]]",2,11,3
2024-02-29(목),콩나물김치국,"[1.79, 1.82, 1.92, [1, 0, 0, 0, 0]]",시래기된장국,"[7.83, 1.83, 5.21, [1, 0, 0, 0, 0]]",굴림만두버섯들깨탕,"[0, 0, 0, [0, 0, 0, 0, 1]]",6,1,4
2024-03-01(금),떡만두국,"[68.42, 11.05, 15.0, [1, 0, 0, 0, 0]]",쇠고기미역국,"[16.08, 6.78, 15.06, [1, 0, 0, 0, 0]]",냉이된장국,"[15.24, 3.41, 9.74, [1, 0, 0, 0, 0]]",4,19,1
2024-03-02(토),알리오올리오파스타,"[46.0, 11.0, 7.0, [1, 0, 0, 0, 0]]",맑은콩나물국,"[3.0, 1.0, 5.0, [1, 0, 0, 0, 0]]",팽이버섯된장국,"[0, 0, 0, [0, 0, 0, 0, 1]]",1,2,9
2024-03-03(일),사골설렁탕,"[0, 0, 0, [0, 0, 0, 0, 1]]",순두부찌개,"[5.62, 17.99, 18.25, [1, 0, 0, 0, 0]]",두부된장찌개,"[16.77, 5.6, 15.01, [1, 0, 0, 0, 0]]",1,5,2
2024-03-04(월),두부맑은국,"[0, 0, 0, [0, 0, 0, 0, 1]]",쇠고기콩나물국,"[0, 0, 0, [0, 0, 0, 0, 1]]",쇠고기육개장,"[6.0, 6.0, 8.0, [1, 0, 0, 0, 0]]",5,1,9
2024-03-05(화),참치김치찌개,"[6.11, 4.71, 9.71, [1, 0, 0, 0, 0]]",치즈함박스테이크소스,"[52.0, 23.0, 19.0, [1, 0, 0, 0, 0]]",꼬치어묵국,"[23.0, 4.7, 12.0, [1, 0, 0, 0, 0]]",9,1,7
2024-03-06(수),우유),"[4.6, 4.0, 3.0, [1, 0, 0, 0, 0]]",,"[0, 0, 0, [0, 0, 0, 0, 1]]",,"[0, 0, 0, [0, 0, 0, 0, 1]]",1,8,7
2024-03-07(목),건새우아욱된장국,"[0, 0, 0, [0, 0, 0, 0, 1]]",된장찌개,"[16.77, 5.6, 15.01, [1, 0, 0, 0, 0]]",들깨수제비국,"[105.0, 16.9, 8.0, [1, 0, 0, 0, 0]]",1,8,1
2024-03-08(금),순두부백탕,"[6.0, 7.0, 11.0, [1, 0, 0, 0, 0]]",만두육개장,"[0, 0, 0, [0, 0, 0, 0, 1]]",돼지고기김치찌개,"[6.38, 8.09, 8.17, [1, 0, 0, 0, 0]]",4,1,10
2024-03-09(토),브라운브레드&초코소스,"[32.0, 2.8, 3.6, [1, 0, 0, 0, 0]]",유부된장국,"[8.17, 2.48, 5.99, [1, 0, 0, 0, 0]]",쇠고기무국,"[12.07, 8.62, 16.43, [1, 0, 0, 0, 0]]",1,10,6
2024-03-10(일),매콤콩나물국,"[5.87, 1.54, 2.17, [1, 0, 0, 0, 0]]",근대된장국,"[5.82, 1.36, 3.47, [1, 0, 0, 0, 0]]",쇠고기육개장,"[6.0, 6.0, 8.0, [1, 0, 0, 0, 0]]",3,1,9
2024-03-11(월),사골떡국,"[0.42, 1.8, 5.57, [1, 0, 0, 0, 0]]",계란파국,"[0.97, 1.08, 1.58, [1, 0, 0, 0, 0]]",호박고추장찌개,"[13.53, 2.9, 6.9, [1, 0, 0, 0, 0]]",8,4,6
2024-03-12(화),바지락무국,"[6.68, 2.29, 28.91, [1, 0, 0, 0, 0]]",미소된장국,"[7.78, 3.36, 6.02, [1, 0, 0, 0, 0]]",순살감자탕,"[14.0, 15.0, 26.0, [1, 0, 0, 0, 0]]",1,9,5
2024-03-13(수),모듬어묵탕,"[19.0, 2.7, 9.0, [1, 0, 0, 0, 0]]",참치미역국,"[23.0, 10.0, 14.0, [1, 0, 0, 0, 0]]",나가사끼짬뽕,"[80.0, 13.0, 10.0, [1, 0, 0, 0, 0]]",6,1,4
2024-03-14(목),사골곰탕,"[0.0, 2.4, 3.0, [1, 0, 0, 0, 0]]",돈가스카레라이스,"[0, 0, 0, [0, 0, 0, 0, 1]]",부대찌개,"[41.11, 38.55, 27.7, [1, 0, 0, 0, 0]]",5,2,11
2024-03-15(금),물만두국,"[29.95, 21.79, 24.12, [1, 0, 0, 0, 0]]",얼갈이된장국,"[21.0, 4.3, 9.0, [1, 0, 0, 0, 0]]",김치어묵국,"[190.0, 17.0, 38.0, [1, 0, 0, 0, 0]]",8,6,2
2024-03-16(토),식빵,"[12.65, 0.82, 1.91, [1, 0, 0, 0, 0]]",순대국,"[33.78, 10.35, 23.25, [1, 0, 0, 0, 0]]",사골우거지국,"[6.0, 7.0, 14.0, [1, 0, 0, 0, 0]]",8,6,6
2024-03-17(일),쇠고기무국,"[12.07, 8.62, 16.43, [1, 0, 0, 0, 0]]",닭곰탕,"[1.87, 4.75, 18.72, [1, 0, 0, 0, 0]]",참치김치찌개,"[6.11, 4.71, 9.71, [1, 0, 0, 0, 0]]",23,6,6
2024-03-18(월),콩나물무채국,"[5.99, 1.13, 2.31, [1, 0, 0, 0, 0]]",쇠고기미역국,"[16.08, 6.78, 15.06, [1, 0, 0, 0, 0]]",부대찌개,"[41.11, 38.55, 27.7, [1, 0, 0, 0, 0]]",1,19,11
2024-03-19(화),조랭이떡국,"[25.0, 1.0, 3.0, [1, 0, 0, 0, 0]]",삼계탕,"[20.41, 15.89, 55.5, [1, 0, 0, 0, 0]]",머쉬룸크림스프,"[11.0, 9.0, 3.0, [1, 0, 0, 0, 0]]",1,6,2
2024-03-20(수),후랑크소시지구이,"[2.0, 11.0, 6.0, [1, 0, 0, 0, 0]]",오이부추무침,"[7.72, 1.55, 1.58, [1, 0, 0, 0, 0]]",미나리무생채,"[6.68, 1.31, 1.84, [1, 0, 0, 0, 0]]",1,1,1
2024-03-21(목),사골미역국,"[4.0, 0.5, 1.0, [1, 0, 0, 0, 0]]",팽이버섯된장국,"[0, 0, 0, [0, 0, 0, 0, 1]]",호박고추장찌개,"[13.53, 2.9, 6.9, [1, 0, 0, 0, 0]]",1,7,6
2024-03-22(금),배추된장국,"[8.64, 2.01, 3.8, [1, 0, 0, 0, 0]]",돼지국밥,"[0, 0, 0, [1, 0, 0, 0, 0]]",군만두구이,"[0, 0, 0, [0, 0, 0, 0, 1]]",11,2,1
2024-03-23(토),피자토스트,"[5.0, 6.0, 12.0, [1, 0, 0, 0, 0]]",해물짬뽕국,"[69.0, 8.0, 18.0, [1, 0, 0, 0, 0]]",맑은콩나물국,"[3.0, 1.0, 5.0, [1, 0, 0, 0, 0]]",1,3,1
2024-03-24(일),배추된장국,"[8.64, 2.01, 3.8, [1, 0, 0, 0, 0]]",소고기장터국,"[7.0, 3.7, 9.0, [1, 0, 0, 0, 0]]",사골우거지국,"[6.0, 7.0, 14.0, [1, 0, 0, 0, 0]]",11,2,6
2024-03-25(월),돼지고기김치찌개,"[6.38, 8.09, 8.17, [1, 0, 0, 0, 0]]",닭곰탕,"[1.87, 4.75, 18.72, [1, 0, 0, 0, 0]]",나가사끼만둣국,"[0, 0, 0, [0, 0, 0, 0, 1]]",3,6,1
2024-03-26(화),매콤콩나물국,"[5.87, 1.54, 2.17, [1, 0, 0, 0, 0]]",순대국,"[33.78, 10.35, 23.25, [1, 0, 0, 0, 0]]",우동장국,"[18.0, 0.0, 6.0, [1, 0, 0, 0, 0]]",3,6,9
2024-03-27(수),쇠고기두부탕국,"[0, 0, 0, [0, 0, 0, 0, 1]]",청국장찌개,"[11.05, 4.19, 10.03, [1, 0, 0, 0, 0]]",시원한홍합뭇국,"[0, 0, 0, [0, 0, 0, 0, 1]]",3,6,3
2024-03-28(목),사골곰탕,"[0.0, 2.4, 3.0, [1, 0, 0, 0, 0]]",온쫄면,"[109.0, 0.8, 10.0, [1, 0, 0, 0, 0]]",감자돈육짜글이,"[0, 0, 0, [0, 0, 0, 0, 1]]",5,1,2
2024-03-29(금),모듬어묵탕,"[19.0, 2.7, 9.0, [1, 0, 0, 0, 0]]",된장찌개,"[16.77, 5.6, 15.01, [1, 0, 0, 0, 0]]",팽이버섯계란국,"[0, 0, 0, [0, 0, 0, 0, 1]]",6,8,10
2024-03-30(토),뿌링클치킨,"[0, 0, 0, [0, 0, 0, 0, 1]]",유부감자호박국,"[0, 0, 0, [0, 0, 0, 0, 1]]",두부된장국,"[15.81, 4.71, 11.2, [1, 0, 0, 0, 0]]",1,1,7
2024-03-31(일),얼갈이된장국,"[21.0, 4.3, 9.0, [1, 0, 0, 0, 0]]",사골우거지국,"[6.0, 7.0, 14.0, [1, 0, 0, 0, 0]]",팽이버섯계란국,"[0, 0, 0, [0, 0, 0, 0, 1]]",4,5,10
2024-04-01(월),물만두국,"[29.95, 21.79, 24.12, [1, 0, 0, 0, 0]]",들깨미역국,"[11.76, 5.28, 2.78, [1, 0, 0, 0, 0]]",꼬지어묵우동,"[0, 0, 0, [0, 0, 0, 0, 1]]",8,1,1
2024-04-02(화),근대된장국,"[5.82, 1.36, 3.47, [1, 0, 0, 0, 0]]",해물볶음우동,"[77.0, 8.0, 19.0, [1, 0, 0, 0, 0]]",사골설렁탕,"[0, 0, 0, [0, 0, 0, 0, 1]]",1,2,2
2024-04-03(수),땅콩버터,"[3.13, 8.06, 4.01, [1, 0, 0, 0, 0]]",언양식불고기,"[7.0, 8.0, 12.0, [1, 0, 0, 0, 0]]",햄야채볶음,"[14.89, 10.96, 12.14, [1, 0, 0, 0, 0]]",1,1,1
2024-04-04(목),순두부찌개,"[5.62, 17.99, 18.25, [1, 0, 0, 0, 0]]",콩나물국,"[5.87, 1.54, 2.17, [1, 0, 0, 0, 0]]",팽이버섯된장국,"[0, 0, 0, [0, 0, 0, 0, 1]]",4,10,9
2024-04-05(금),미역된장국,"[2.34, 0.08, 1.0, [1, 0, 0, 0, 0]]",짬뽕찌개,"[0, 0, 0, [0, 0, 0, 0, 1]]",갈비탕,"[11.63, 31.26, 33.29, [1, 0, 0, 0, 0]]",1,4,5
2024-04-06(토),나가사끼짬뽕국,"[74.0, 9.0, 9.0, [1, 0, 0, 0, 0]]",BLT샐러드파스타,"[0, 0, 0, [0, 0, 0, 0, 1]]",순살감자탕,"[14.0, 15.0, 26.0, [1, 0, 0, 0, 0]]",1,1,5
2024-04-07(일),순대국,"[33.78, 10.35, 23.25, [1, 0, 0, 0, 0]]",굴림만두버섯들깨탕,"[0, 0, 0, [0, 0, 0, 0, 1]]",닭고기육개장,"[6.0, 6.0, 8.0, [1, 0, 0, 0, 0]]",4,3,7
2024-04-08(월),얼큰한오징어국,"[0, 0, 0, [0, 0, 0, 0, 1]]",북어채국,"[3.28, 4.9, 12.81, [1, 0, 0, 0, 0]]",새우완자탕,"[10.0, 3.0, 8.0, [1, 0, 0, 0, 0]]",2,1,1
2024-04-09(화),건새우아욱국,"[0, 0, 0, [0, 0, 0, 0, 1]]",우동장국,"[18.0, 0.0, 6.0, [1, 0, 0, 0, 0]]",두부호박젓국,"[0, 0, 0, [0, 0, 0, 0, 1]]",2,6,1
2024-04-10(수),버팔로봉,"[8.0, 9.0, 15.0, [1, 0, 0, 0, 0]]",제주고기국수,"[74.18, 12.22, 14.14, [1, 0, 0, 0, 0]]",두부된장찌개,"[16.77, 5.6, 15.01, [1, 0, 0, 0, 0]]",2,1,2
2024-04-11(목),시금치된장국,"[17.48, 2.8, 7.91, [1, 0, 0, 0, 0]]",얼갈이된장국,"[21.0, 4.3, 9.0, [1, 0, 0, 0, 0]]",근대된장국,"[5.82, 1.36, 3.47, [1, 0, 0, 0, 0]]",1,6,1
2024-04-12(금),모듬어묵국,"[19.0, 2.7, 9.0, [1, 0, 0, 0, 0]]",계란국,"[0.97, 1.08, 1.58, [1, 0, 0, 0, 0]]",사골조랭이떡국,"[25.0, 1.0, 3.0, [1, 0, 0, 0, 0]]",6,2,1
2024-04-13(토),유부장국,"[8.17, 2.48, 5.99, [1, 0, 0, 0, 0]]",훈제삼겹,"[3.0, 23.0, 19.0, [1, 0, 0, 0, 0]]",배추된장국,"[8.64, 2.01, 3.8, [1, 0, 0, 0, 0]]",5,1,4
2024-04-14(일),버섯들깨탕,"[33.0, 1.7, 17.0, [1, 0, 0, 0, 0]]",청국장,"[11.05, 4.19, 10.03, [1, 0, 0, 0, 0]]",돼지국밥,"[0, 0, 0, [1, 0, 0, 0, 0]]",2,3,6
2024-04-15(월),오징어무국,"[3.8, 0.96, 10.35, [1, 0, 0, 0, 0]]",황태채무국,"[0, 0, 0, [0, 0, 0, 0, 1]]",야채튀김,"[0.96, 0.71, 0.3, [1, 0, 0, 0, 0]]",8,3,1
2024-04-16(화),호박고추장찌개,"[13.53, 2.9, 6.9, [1, 0, 0, 0, 0]]",쇠고기미역국,"[16.08, 6.78, 15.06, [1, 0, 0, 0, 0]]",두부김치국,"[18.0, 26.0, 28.0, [1, 0, 0, 0, 0]]",8,19,2
2024-04-17(수),,"[0, 0, 0, [0, 0, 0, 0, 1]]","웅진식품,가야농장 제주감귤,340ml","[24.0, 0.8, 0.0, [1, 0, 0, 0, 0]]",콜라,"[23.0, 0.0, 0.0, [1, 0, 0, 0, 0]]",5,1,1
2024-04-18(목),두부된장찌개,"[16.77, 5.6, 15.01, [1, 0, 0, 0, 0]]",계란국,"[0.97, 1.08, 1.58, [1, 0, 0, 0, 0]]",삼색수제비국,"[0, 0, 0, [0, 0, 0, 0, 1]]",1,2,1
2024-04-19(금),돼지고기얼큰무국,"[0, 0, 0, [0, 0, 0, 0, 1]]",달래된장국,"[0, 0, 0, [0, 0, 0, 0, 1]]",들깨무채국,"[0, 0, 0, [0, 0, 0, 0, 1]]",3,1,2
2024-04-20(토),미소된장국,"[7.78, 3.36, 6.02, [1, 0, 0, 0, 0]]",새우버거,"[46.0, 26.0, 15.0, [1, 0, 0, 0, 0]]",떡만두국,"[68.42, 11.05, 15.0, [1, 0, 0, 0, 0]]",3,1,2
2024-04-21(일),배추된장국,"[8.64, 2.01, 3.8, [1, 0, 0, 0, 0]]",사골우거지국,"[6.0, 7.0, 14.0, [1, 0, 0, 0, 0]]",콩나물김치국,"[1.79, 1.82, 1.92, [1, 0, 0, 0, 0]]",11,5,3
2024-04-22(월),사골곰탕,"[0.0, 2.4, 3.0, [1, 0, 0, 0, 0]]",돈가스카레라이스,"[0, 0, 0, [0, 0, 0, 0, 1]]",매운꼬치어묵탕,"[23.0, 4.7, 12.0, [1, 0, 0, 0, 0]]",5,2,1
2024-04-23(화),버섯육개장,"[9.0, 2.9, 8.0, [1, 0, 0, 0, 0]]",사골곰탕,"[0.0, 2.4, 3.0, [1, 0, 0, 0, 0]]",샤브샤브국,"[31.72, 16.39, 29.63, [1, 0, 0, 0, 0]]",4,4,3
2024-04-24(수),데리야끼닭꼬치,"[13.0, 5.0, 16.0, [1, 0, 0, 0, 0]]",두부된장찌개,"[16.77, 5.6, 15.01, [1, 0, 0, 0, 0]]",돼지고기김치찌개,"[6.38, 8.09, 8.17, [1, 0, 0, 0, 0]]",1,1,10
2024-04-25(목),맑은연두부국,"[2.0, 4.75, 9.2, [1, 0, 0, 0, 0]]",얼갈이된장국,"[21.0, 4.3, 9.0, [1, 0, 0, 0, 0]]",계란국,"[0.97, 1.08, 1.58, [1, 0, 0, 0, 0]]",1,6,2
2024-04-26(금),스팸감자짜글이,"[32.0, 1.8, 5.0, [1, 0, 0, 0, 0]]",유부된장국,"[8.17, 2.48, 5.99, [1, 0, 0, 0, 0]]",쫄면,"[43.29, 1.54, 4.55, [1, 0, 0, 0, 0]]",1,10,1
2024-04-27(토),콩나물김치국,"[1.79, 1.82, 1.92, [1, 0, 0, 0, 0]]",오이피클,"[9.0, 0.0, 0.0, [1, 0, 0, 0, 0]]",갈비탕,"[11.63, 31.26, 33.29, [1, 0, 0, 0, 0]]",6,1,5
2024-04-28(일),순대국,"[33.78, 10.35, 23.25, [1, 0, 0, 0, 0]]",모듬어묵국,"[19.0, 2.7, 9.0, [1, 0, 0, 0, 0]]",부대찌개,"[41.11, 38.55, 27.7, [1, 0, 0, 0, 0]]",4,2,11
2024-04-29(월),북어채국,"[3.28, 4.9, 12.81, [1, 0, 0, 0, 0]]",들깨무채국,"[0, 0, 0, [0, 0, 0, 0, 1]]",참치김치찌개,"[6.11, 4.71, 9.71, [1, 0, 0, 0, 0]]",4,3,6
2024-04-30(화),해물순두부찌개,"[13.31, 16.19, 25.76, [1, 0, 0, 0, 0]]",얼큰쇠고기무국,"[9.6, 3.4, 10.0, [1, 0, 0, 0, 0]]",돈코츠라멘차슈,"[83.47, 10.74, 14.48, [1, 0, 0, 0, 0]]",1,1,4
2024-05-01(수),베이컨구이,"[0, 0, 0, [0, 0, 0, 0, 1]]",닭고기미역국,"[2.0, 3.0, 9.0, [1, 0, 0, 0, 0]]",감자옹심이국,"[48.72, 5.3, 5.23, [1, 0, 0, 0, 0]]",2,1,2
2024-05-02(목),맑은순두부찌개,"[5.62, 17.99, 18.25, [1, 0, 0, 0, 0]]",얼갈이된장국,"[21.0, 4.3, 9.0, [1, 0, 0, 0, 0]]",햄감자짜글이,"[32.0, 1.8, 5.0, [1, 0, 0, 0, 0]]",6,6,8
2024-05-03(금),닭곰탕,"[1.87, 4.75, 18.72, [1, 0, 0, 0, 0]]",팽이버섯된장국,"[0, 0, 0, [0, 0, 0, 0, 1]]",차돌육개장,"[9.0, 12.0, 18.0, [1, 0, 0, 0, 0]]",9,7,2
2024-05-04(토),콩나물국,"[5.87, 1.54, 2.17, [1, 0, 0, 0, 0]]",호떡버거,"[68.0, 14.0, 12.0, [1, 0, 0, 0, 0]]",돈육고추장찌개,"[17.55, 4.2, 13.0, [1, 0, 0, 0, 0]]",6,1,1
2024-05-05(일),배추된장국,"[8.64, 2.01, 3.8, [1, 0, 0, 0, 0]]",함박스테이크*소스,"[12.0, 11.0, 16.0, [1, 0, 0, 0, 0]]",감자수제비국,"[66.44, 6.59, 15.81, [1, 0, 0, 0, 0]]",11,1,8
2024-05-06(월),모듬어묵국,"[19.0, 2.7, 9.0, [1, 0, 0, 0, 0]]",두부된장국,"[15.81, 4.71, 11.2, [1, 0, 0, 0, 0]]",해물짬뽕국,"[69.0, 8.0, 18.0, [1, 0, 0, 0, 0]]",6,8,1
2024-05-07(화),얼큰쇠고기무국,"[9.6, 3.4, 10.0, [1, 0, 0, 0, 0]]",참치추어탕,"[0, 0, 0, [0, 0, 0, 0, 1]]",열무된장국,"[5.31, 1.35, 3.39, [1, 0, 0, 0, 0]]",2,1,2
2024-05-08(수),식빵,"[12.65, 0.82, 1.91, [1, 0, 0, 0, 0]]",왕돈까스,"[24.56, 30.6, 45.16, [1, 0, 0, 0, 0]]",돼지고기김치찌개,"[6.38, 8.09, 8.17, [1, 0, 0, 0, 0]]",8,2,10
2024-05-09(목),두부맑은국,"[0, 0, 0, [0, 0, 0, 0, 1]]",강된장찌개,"[16.77, 5.6, 15.01, [1, 0, 0, 0, 0]]",짬뽕순두부찌개,"[24.0, 13.0, 20.0, [1, 0, 0, 0, 0]]",5,2,3
2024-05-10(금),유부장국,"[8.17, 2.48, 5.99, [1, 0, 0, 0, 0]]",들깨옹심이만두국,"[0, 0, 0, [0, 0, 0, 0, 1]]",하이라이스,"[49.14, 9.49, 10.26, [1, 0, 0, 0, 0]]",5,1,1
2024-05-11(토),물만두국,"[29.95, 21.79, 24.12, [1, 0, 0, 0, 0]]",맥모닝버거,"[56.0, 12.0, 13.0, [1, 0, 0, 0, 0]]",닭개장,"[7.33, 14.54, 31.38, [1, 0, 0, 0, 0]]",8,1,6
2024-05-12(일),쇠고기탕국,"[0.0, 2.5, 20.0, [1, 0, 0, 0, 0]]",쇠고기미역국,"[16.08, 6.78, 15.06, [1, 0, 0, 0, 0]]",조랭이떡만두국,"[25.0, 1.0, 3.0, [1, 0, 0, 0, 0]]",1,19,2
2024-05-13(월),참치김치찌개,"[6.11, 4.71, 9.71, [1, 0, 0, 0, 0]]",돈까스김치나베,"[76.0, 33.0, 24.0, [1, 0, 0, 0, 0]]",설렁탕,"[42.7, 12.93, 32.67, [1, 0, 0, 0, 0]]",9,1,3
2024-05-14(화),오징어무국,"[3.8, 0.96, 10.35, [1, 0, 0, 0, 0]]",베이컨마늘필라프,"[0, 0, 0, [0, 0, 0, 0, 1]]",두부고추장찌개,"[13.53, 2.9, 6.9, [1, 0, 0, 0, 0]]",8,2,1
2024-05-15(수),식빵,"[12.65, 0.82, 1.91, [1, 0, 0, 0, 0]]",부대찌개,"[41.11, 38.55, 27.7, [1, 0, 0, 0, 0]]",꼬치어묵국,"[23.0, 4.7, 12.0, [1, 0, 0, 0, 0]]",8,11,7
2024-05-16(목),메추리알장조림,"[2.63, 7.73, 16.25, [1, 0, 0, 0, 0]]",참나물무침,"[3.8, 0.79, 2.18, [1, 0, 0, 0, 0]]",단무지,"[0.98, 0.06, 0.21, [1, 0, 0, 0, 0]]",1,1,1
2024-05-17(금),쇠고기육개장,"[6.0, 6.0, 8.0, [1, 0, 0, 0, 0]]",훈제오리두부쌈,"[10.0, 35.0, 27.0, [1, 0, 0, 0, 0]]",불마요들기름막국수,"[0, 0, 0, [0, 0, 0, 0, 1]]",5,1,1
2024-05-18(토),계란국,"[0.97, 1.08, 1.58, [1, 0, 0, 0, 0]]",에그마요샌드위치,"[45.0, 26.0, 16.4, [1, 0, 0, 0, 0]]",뼈다귀해장국,"[7.1, 13.54, 39.94, [1, 0, 0, 0, 0]]",1,1,2
2024-05-19(일),버섯들깨탕,"[33.0, 1.7, 17.0, [1, 0, 0, 0, 0]]",쇠고기전골,"[47.0, 7.0, 13.0, [1, 0, 0, 0, 0]]",버섯매운탕,"[78.0, 8.0, 38.0, [1, 0, 0, 0, 0]]",2,1,5
2024-05-20(월),햄고추장찌개,"[23.0, 9.0, 11.0, [1, 0, 0, 0, 0]]",미역된장국,"[2.34, 0.08, 1.0, [1, 0, 0, 0, 0]]",치킨가라아게,"[2.05, 5.26, 6.48, [1, 0, 0, 0, 0]]",1,1,1
2024-05-21(화),두부맑은국,"[0, 0, 0, [0, 0, 0, 0, 1]]",물갈비,"[0.0, 23.58, 16.12, [1, 0, 0, 0, 0]]",닭개장,"[7.33, 14.54, 31.38, [1, 0, 0, 0, 0]]",5,1,6
2024-05-22(수),모닝빵,"[17.42, 1.43, 3.28, [1, 0, 0, 0, 0]]",감자옹심이국,"[48.72, 5.3, 5.23, [1, 0, 0, 0, 0]]",강된장찌개,"[16.77, 5.6, 15.01, [1, 0, 0, 0, 0]]",8,4,3
2024-05-23(목),건새우아욱국,"[0, 0, 0, [0, 0, 0, 0, 1]]",김치찌개,"[6.38, 8.09, 8.17, [1, 0, 0, 0, 0]]",돼지국밥,"[0, 0, 0, [1, 0, 0, 0, 0]]",2,3,6
2024-05-24(금),김치수제비국,"[112.0, 2.4, 14.0, [1, 0, 0, 0, 0]]",새우튀김우동,"[87.0, 7.0, 12.0, [1, 0, 0, 0, 0]]",호박된장찌개,"[16.77, 5.6, 15.01, [1, 0, 0, 0, 0]]",4,2,5
2024-05-25(토),우동장국,"[18.0, 0.0, 6.0, [1, 0, 0, 0, 0]]",감자튀김&케첩,"[20.33, 8.01, 1.98, [1, 0, 0, 0, 0]]",순두부해물찌개,"[5.62, 17.99, 18.25, [1, 0, 0, 0, 0]]",3,2,4
2024-05-26(일),팽이미소된장국,"[7.78, 3.36, 6.02, [1, 0, 0, 0, 0]]",차돌육개장,"[9.0, 12.0, 18.0, [1, 0, 0, 0, 0]]",돼지고기김치찌개,"[6.38, 8.09, 8.17, [1, 0, 0, 0, 0]]",1,1,10
2024-05-27(월),순대국,"[33.78, 10.35, 23.25, [1, 0, 0, 0, 0]]",감자탕,"[10.01, 5.58, 14.74, [1, 0, 0, 0, 0]]",마라탕,"[16.1, 8.99, 10.08, [1, 0, 0, 0, 0]]",4,6,2
2024-05-28(화),순두부백탕,"[6.0, 7.0, 11.0, [1, 0, 0, 0, 0]]",쇠고기미역국,"[16.08, 6.78, 15.06, [1, 0, 0, 0, 0]]",들깨무채국,"[0, 0, 0, [0, 0, 0, 0, 1]]",4,19,2
2024-05-29(수),모닝빵,"[17.42, 1.43, 3.28, [1, 0, 0, 0, 0]]",바지락살무국,"[6.68, 2.29, 28.91, [1, 0, 0, 0, 0]]",김치만두전골,"[75.86, 22.19, 23.48, [1, 0, 0, 0, 0]]",8,2,1
2024-05-30(목),깍두기,"[3.21, 0.29, 0.62, [1, 0, 0, 0, 0]]",참외,"[11.0, 0.29, 1.57, [1, 0, 0, 0, 0]]",파김치,"[3.13, 0.12, 0.76, [1, 0, 0, 0, 0]]",3,1,1
2024-05-31(금),아욱된장국,"[4.88, 0.73, 2.68, [1, 0, 0, 0, 0]]",규동,"[70.27, 25.09, 23.87, [1, 0, 0, 0, 0]]",닭개장,"[7.33, 14.54, 31.38, [1, 0, 0, 0, 0]]",2,1,6
2024-06-01(토),두부된장국,"[15.81, 4.71, 11.2, [1, 0, 0, 0, 0]]",불고기버거,"[50.0, 22.0, 20.0, [1, 0, 0, 0, 0]]",참치김치찌개,"[6.11, 4.71, 9.71, [1, 0, 0, 0, 0]]",8,2,6
2024-06-02(일),김치어묵국,"[190.0, 17.0, 38.0, [1, 0, 0, 0, 0]]",팽이미소된장국,"[7.78, 3.36, 6.02, [1, 0, 0, 0, 0]]",두부감자맑은국,"[0, 0, 0, [0, 0, 0, 0, 1]]",2,3,2
2024-06-03(월),쇠고기무국,"[12.07, 8.62, 16.43, [1, 0, 0, 0, 0]]",쇠고기미역국,"[16.08, 6.78, 15.06, [1, 0, 0, 0, 0]]",짬뽕순두부찌개,"[24.0, 13.0, 20.0, [1, 0, 0, 0, 0]]",23,19,3
2024-06-04(화),버섯육개장,"[9.0, 2.9, 8.0, [1, 0, 0, 0, 0]]",돼지고기김치찌개,"[6.38, 8.09, 8.17, [1, 0, 0, 0, 0]]",두부된장국,"[15.81, 4.71, 11.2, [1, 0, 0, 0, 0]]",4,6,7
2024-06-05(수),함박스테이크*소스,"[12.0, 11.0, 16.0, [1, 0, 0, 0, 0]]",조갯살미역국,"[0, 0, 0, [0, 0, 0, 0, 1]]",물만두국,"[29.95, 21.79, 24.12, [1, 0, 0, 0, 0]]",2,2,2
2024-06-06(목),닭개장,"[7.33, 14.54, 31.38, [1, 0, 0, 0, 0]]",맑은콩나물국,"[3.0, 1.0, 5.0, [1, 0, 0, 0, 0]]",순대국,"[33.78, 10.35, 23.25, [1, 0, 0, 0, 0]]",2,2,4
2024-06-07(금),배추된장국,"[8.64, 2.01, 3.8, [1, 0, 0, 0, 0]]",우동장국,"[18.0, 0.0, 6.0, [1, 0, 0, 0, 0]]",오징어국,"[12.11, 3.33, 35.99, [1, 0, 0, 0, 0]]",11,6,2
2024-06-08(토),유부장국,"[8.17, 2.48, 5.99, [1, 0, 0, 0, 0]]",타워스테이크,"[14.18, 8.81, 12.25, [1, 0, 0, 0, 0]]",조랭이떡만두국,"[25.0, 1.0, 3.0, [1, 0, 0, 0, 0]]",5,1,2
2024-06-09(일),참치김치찌개,"[6.11, 4.71, 9.71, [1, 0, 0, 0, 0]]",굴림만두버섯들깨탕,"[0, 0, 0, [0, 0, 0, 0, 1]]",돼지고기얼큰무국,"[0, 0, 0, [0, 0, 0, 0, 1]]",9,3,1
2024-06-10(월),얼갈이된장국,"[21.0, 4.3, 9.0, [1, 0, 0, 0, 0]]",초계국수,"[64.1, 7.55, 19.25, [1, 0, 0, 0, 0]]",순두부찌개,"[5.62, 17.99, 18.25, [1, 0, 0, 0, 0]]",4,1,11
2024-06-11(화),쇠고기육개장,"[6.0, 6.0, 8.0, [1, 0, 0, 0, 0]]",순살감자탕,"[14.0, 15.0, 26.0, [1, 0, 0, 0, 0]]",사골우거지국,"[6.0, 7.0, 14.0, [1, 0, 0, 0, 0]]",5,2,6
2024-06-12(수),식빵,"[12.65, 0.82, 1.91, [1, 0, 0, 0, 0]]",치킨가라아게,"[2.05, 5.26, 6.48, [1, 0, 0, 0, 0]]",호박된장찌개,"[16.77, 5.6, 15.01, [1, 0, 0, 0, 0]]",8,1,5
2024-06-13(목),버섯장조림,"[4.0, 18.0, 11.0, [1, 0, 0, 0, 0]]",콩나물무침,"[5.99, 1.13, 2.31, [1, 0, 0, 0, 0]]",분홍소시지전,"[4.0, 25.4, 12.2, [1, 0, 0, 0, 0]]",1,1,1
2024-06-14(금),쇠고기무국,"[12.07, 8.62, 16.43, [1, 0, 0, 0, 0]]",두부된장국,"[15.81, 4.71, 11.2, [1, 0, 0, 0, 0]]",김치만두국,"[38.0, 12.0, 16.0, [1, 0, 0, 0, 0]]",23,8,1
2024-06-15(토),모듬어묵탕,"[19.0, 2.7, 9.0, [1, 0, 0, 0, 0]]",미트볼라따뚜이,"[0, 0, 0, [0, 0, 0, 0, 1]]",돼지고기김치찌개,"[6.38, 8.09, 8.17, [1, 0, 0, 0, 0]]",6,1,10
2024-06-16(일),사골떡국,"[0.42, 1.8, 5.57, [1, 0, 0, 0, 0]]",쇠고기미역국,"[16.08, 6.78, 15.06, [1, 0, 0, 0, 0]]",물만두국,"[29.95, 21.79, 24.12, [1, 0, 0, 0, 0]]",8,19,2
2024-06-17(월),돼지국밥,"[0, 0, 0, [1, 0, 0, 0, 0]]",두부된장국,"[15.81, 4.71, 11.2, [1, 0, 0, 0, 0]]",얼갈이된장국,"[21.0, 4.3, 9.0, [1, 0, 0, 0, 0]]",2,8,3
2024-06-18(화),모듬어묵탕,"[19.0, 2.7, 9.0, [1, 0, 0, 0, 0]]",들깨오리탕,"[0, 0, 0, [0, 0, 0, 0, 1]]",해물짬뽕,"[82.0, 13.0, 10.0, [1, 0, 0, 0, 0]]",6,2,1
2024-06-19(수),고기완자,"[5.0, 7.5, 14.0, [1, 0, 0, 0, 0]]",팽이미소된장국,"[7.78, 3.36, 6.02, [1, 0, 0, 0, 0]]",샤브샤브국,"[31.72, 16.39, 29.63, [1, 0, 0, 0, 0]]",1,3,3
2024-06-20(목),배추들깨국,"[0, 0, 0, [0, 0, 0, 0, 1]]",텐동,"[89.92, 28.14, 34.23, [1, 0, 0, 0, 0]]",부들어묵볶음,"[14.2, 4.9, 7.19, [1, 0, 0, 0, 0]]",1,1,1
2024-06-21(금),감자돈육짜글이,"[0, 0, 0, [0, 0, 0, 0, 1]]",장각닭칼국수,"[47.12, 6.06, 15.09, [1, 0, 0, 0, 0]]",설렁탕,"[42.7, 12.93, 32.67, [1, 0, 0, 0, 0]]",1,1,3
2024-06-22(토),유부장국,"[8.17, 2.48, 5.99, [1, 0, 0, 0, 0]]",훈제닭다리,"[5.0, 14.0, 27.0, [1, 0, 0, 0, 0]]",들깨무국,"[101.0, 15.3, 15.0, [1, 0, 0, 0, 0]]",5,1,1
2024-06-23(일),버섯육개장,"[9.0, 2.9, 8.0, [1, 0, 0, 0, 0]]",팽이미소된장국,"[7.78, 3.36, 6.02, [1, 0, 0, 0, 0]]",두부감자맑은국,"[0, 0, 0, [0, 0, 0, 0, 1]]",4,3,2
2024-06-24(월),아욱된장국,"[4.88, 0.73, 2.68, [1, 0, 0, 0, 0]]",순살감자탕,"[14.0, 15.0, 26.0, [1, 0, 0, 0, 0]]",바지락살무국,"[6.68, 2.29, 28.91, [1, 0, 0, 0, 0]]",2,2,1
2024-06-25(화),콩나물김치국,"[1.79, 1.82, 1.92, [1, 0, 0, 0, 0]]",돼지고기김치찌개,"[6.38, 8.09, 8.17, [1, 0, 0, 0, 0]]",얼큰수제비국,"[103.0, 1.4, 11.0, [1, 0, 0, 0, 0]]",6,6,1
2024-06-26(수),함박스테이크*소스,"[12.0, 11.0, 16.0, [1, 0, 0, 0, 0]]",쇠고기미역국,"[16.08, 6.78, 15.06, [1, 0, 0, 0, 0]]",계란국,"[0.97, 1.08, 1.58, [1, 0, 0, 0, 0]]",2,19,2
2024-06-27(목),닭순살피망볶음,"[0, 0, 0, [0, 0, 0, 0, 1]]",돈육김치찜,"[0, 0, 0, [0, 0, 0, 0, 1]]",머쉬룸크림스프,"[11.0, 9.0, 3.0, [1, 0, 0, 0, 0]]",1,1,2
2024-06-28(금),얼큰쇠고기무국,"[9.6, 3.4, 10.0, [1, 0, 0, 0, 0]]",두부된장국,"[15.81, 4.71, 11.2, [1, 0, 0, 0, 0]]",샤브샤브국,"[31.72, 16.39, 29.63, [1, 0, 0, 0, 0]]",2,8,3
2024-06-29(토),우동장국,"[18.0, 0.0, 6.0, [1, 0, 0, 0, 0]]",감자튀김&케첩,"[20.33, 8.01, 1.98, [1, 0, 0, 0, 0]]",돼지고기김치찌개,"[6.38, 8.09, 8.17, [1, 0, 0, 0, 0]]",3,2,10
2024-06-30(일),닭개장,"[7.33, 14.54, 31.38, [1, 0, 0, 0, 0]]",나가사끼짬뽕국,"[74.0, 9.0, 9.0, [1, 0, 0, 0, 0]]",감자옹심이국,"[48.72, 5.3, 5.23, [1, 0, 0, 0, 0]]",2,1,2
2024-07-01(월),부대찌개,"[41.11, 38.55, 27.7, [1, 0, 0, 0, 0]]",쇠고기미역국,"[16.08, 6.78, 15.06, [1, 0, 0, 0, 0]]",오이냉국,"[3.15, 0.08, 0.97, [1, 0, 0, 0, 0]]",4,19,2
2024-07-02(화),매콤콩나물국,"[5.87, 1.54, 2.17, [1, 0, 0, 0, 0]]",비빔막국수,"[58.96, 7.03, 17.39, [1, 0, 0, 0, 0]]",순살감자탕,"[14.0, 15.0, 26.0, [1, 0, 0, 0, 0]]",3,3,5
2024-07-03(수),식빵,"[12.65, 0.82, 1.91, [1, 0, 0, 0, 0]]",비엔나소시지김치찌개,"[0, 0, 0, [0, 0, 0, 0, 1]]",모듬어묵국,"[19.0, 2.7, 9.0, [1, 0, 0, 0, 0]]",8,3,2
2024-07-04(목),쇠고기무국,"[12.07, 8.62, 16.43, [1, 0, 0, 0, 0]]",콩나물무채국,"[5.99, 1.13, 2.31, [1, 0, 0, 0, 0]]",사골떡국,"[0.42, 1.8, 5.57, [1, 0, 0, 0, 0]]",23,2,3
2024-07-05(금),두부된장국,"[15.81, 4.71, 11.2, [1, 0, 0, 0, 0]]",삼계탕,"[20.41, 15.89, 55.5, [1, 0, 0, 0, 0]]",돈코츠라멘차슈,"[83.47, 10.74, 14.48, [1, 0, 0, 0, 0]]",8,6,4
2024-07-06(토),버팔로봉,"[8.0, 9.0, 15.0, [1, 0, 0, 0, 0]]",우동장국,"[18.0, 0.0, 6.0, [1, 0, 0, 0, 0]]",수제비국,"[61.49, 6.73, 15.46, [1, 0, 0, 0, 0]]",2,6,1
2024-07-07(일),두부된장국,"[15.81, 4.71, 11.2, [1, 0, 0, 0, 0]]",카레라이스,"[71.72, 14.91, 34.54, [1, 0, 0, 0, 0]]",돼지국밥,"[0, 0, 0, [1, 0, 0, 0, 0]]",8,2,6
2024-07-08(월),순두부찌개,"[5.62, 17.99, 18.25, [1, 0, 0, 0, 0]]",감자탕,"[10.01, 5.58, 14.74, [1, 0, 0, 0, 0]]",굴림만두버섯들깨탕,"[0, 0, 0, [0, 0, 0, 0, 1]]",4,6,4
2024-07-09(화),감자된장국,"[0, 0, 0, [0, 0, 0, 0, 1]]",팽이버섯계란국,"[0, 0, 0, [0, 0, 0, 0, 1]]",햄감자짜글이,"[32.0, 1.8, 5.0, [1, 0, 0, 0, 0]]",3,8,8
2024-07-10(수),모닝빵&딸기잼,"[17.42, 1.43, 3.28, [1, 0, 0, 0, 0]]",콩나물국,"[5.87, 1.54, 2.17, [1, 0, 0, 0, 0]]",데리야끼닭꼬치,"[13.0, 5.0, 16.0, [1, 0, 0, 0, 0]]",2,10,1
2024-07-11(목),깍두기,"[3.21, 0.29, 0.62, [1, 0, 0, 0, 0]]",,"[0, 0, 0, [0, 0, 0, 0, 1]]",수박,"[7.55, 0.15, 0.61, [1, 0, 0, 0, 0]]",3,8,1
2024-07-12(금),얼큰한오징어국,"[0, 0, 0, [0, 0, 0, 0, 1]]",감자옹심이국,"[48.72, 5.3, 5.23, [1, 0, 0, 0, 0]]",설렁탕,"[42.7, 12.93, 32.67, [1, 0, 0, 0, 0]]",2,4,3
2024-07-13(토),새우버거,"[46.0, 26.0, 15.0, [1, 0, 0, 0, 0]]",미소된장국,"[7.78, 3.36, 6.02, [1, 0, 0, 0, 0]]",호박고추장찌개,"[13.53, 2.9, 6.9, [1, 0, 0, 0, 0]]",5,9,6
2024-07-14(일),버섯매운탕,"[78.0, 8.0, 38.0, [1, 0, 0, 0, 0]]",유부장국,"[8.17, 2.48, 5.99, [1, 0, 0, 0, 0]]",감자탕,"[10.01, 5.58, 14.74, [1, 0, 0, 0, 0]]",5,2,4
2024-07-15(월),만두육개장,"[0, 0, 0, [0, 0, 0, 0, 1]]",오징어물회,"[2.99, 1.34, 15.13, [1, 0, 0, 0, 0]]",시원한홍합뭇국,"[0, 0, 0, [0, 0, 0, 0, 1]]",3,1,3
2024-07-16(화),조갯살미역국,"[0, 0, 0, [0, 0, 0, 0, 1]]",콩나물국,"[5.87, 1.54, 2.17, [1, 0, 0, 0, 0]]",투움바파스타,"[33.0, 48.0, 18.0, [1, 0, 0, 0, 0]]",1,10,2
2024-07-17(수),감자샌드위치,"[40.0, 18.0, 12.0, [1, 0, 0, 0, 0]]",청국장찌개,"[11.05, 4.19, 10.03, [1, 0, 0, 0, 0]]",돼지고기김치찌개,"[6.38, 8.09, 8.17, [1, 0, 0, 0, 0]]",3,6,10
2024-07-18(목),감자옹심이국,"[48.72, 5.3, 5.23, [1, 0, 0, 0, 0]]",쇠고기무국,"[12.07, 8.62, 16.43, [1, 0, 0, 0, 0]]",사골떡국,"[0.42, 1.8, 5.57, [1, 0, 0, 0, 0]]",2,5,3
2024-07-19(금),부대찌개,"[41.11, 38.55, 27.7, [1, 0, 0, 0, 0]]",팽이버섯계란국,"[0, 0, 0, [0, 0, 0, 0, 1]]",햄감자짜글이,"[32.0, 1.8, 5.0, [1, 0, 0, 0, 0]]",4,8,8
2024-07-20(토),치즈함박스테이크소스,"[52.0, 23.0, 19.0, [1, 0, 0, 0, 0]]",감바스라이스,"[59.0, 9.0, 8.0, [1, 0, 0, 0, 0]]",소고기장터국,"[7.0, 3.7, 9.0, [1, 0, 0, 0, 0]]",1,2,1
2024-07-21(일),호박고추장찌개,"[13.53, 2.9, 6.9, [1, 0, 0, 0, 0]]",사골우거지국,"[6.0, 7.0, 14.0, [1, 0, 0, 0, 0]]",열무된장국,"[5.31, 1.35, 3.39, [1, 0, 0, 0, 0]]",8,5,2
2024-07-22(월),쇠고기무국,"[12.07, 8.62, 16.43, [1, 0, 0, 0, 0]]",가리비미역국,"[0, 0, 0, [0, 0, 0, 0, 1]]",우동장국,"[18.0, 0.0, 6.0, [1, 0, 0, 0, 0]]",23,1,9
2024-07-23(화),부대찌개,"[41.11, 38.55, 27.7, [1, 0, 0, 0, 0]]",콩나물비빔국수,"[74.51, 11.55, 13.56, [1, 0, 0, 0, 0]]",떡만두국,"[68.42, 11.05, 15.0, [1, 0, 0, 0, 0]]",4,1,2
2024-07-24(수),불고기버거,"[50.0, 22.0, 20.0, [1, 0, 0, 0, 0]]",감자된장국,"[0, 0, 0, [0, 0, 0, 0, 1]]",감자수제비국,"[66.44, 6.59, 15.81, [1, 0, 0, 0, 0]]",6,1,8
2024-07-25(목),돼지고기얼큰무국,"[0, 0, 0, [0, 0, 0, 0, 1]]",삼계탕,"[20.41, 15.89, 55.5, [1, 0, 0, 0, 0]]",팽이버섯계란국,"[0, 0, 0, [0, 0, 0, 0, 1]]",3,6,10
2024-07-26(금),삼색계란찜,"[0, 0, 0, [0, 0, 0, 0, 1]]",크리스피팽이,"[28.0, 5.0, 3.0, [1, 0, 0, 0, 0]]",미트볼라따뚜이,"[0, 0, 0, [0, 0, 0, 0, 1]]",2,1,1
2024-07-27(토),에그마요샌드위치,"[45.0, 26.0, 16.4, [1, 0, 0, 0, 0]]",마라탕,"[16.1, 8.99, 10.08, [1, 0, 0, 0, 0]]",두부된장국,"[15.81, 4.71, 11.2, [1, 0, 0, 0, 0]]",5,1,7
2024-07-28(일),김치어묵국,"[190.0, 17.0, 38.0, [1, 0, 0, 0, 0]]",참치김치찌개,"[6.11, 4.71, 9.71, [1, 0, 0, 0, 0]]",굴림만두버섯들깨탕,"[0, 0, 0, [0, 0, 0, 0, 1]]",2,7,4
2024-07-29(월),유부장국,"[8.17, 2.48, 5.99, [1, 0, 0, 0, 0]]",얼큰고기짬뽕탕,"[16.0, 15.0, 16.0, [1, 0, 0, 0, 0]]",쇠고기무국,"[12.07, 8.62, 16.43, [1, 0, 0, 0, 0]]",5,1,6
2024-07-30(화),모듬어묵국,"[19.0, 2.7, 9.0, [1, 0, 0, 0, 0]]",청국장찌개,"[11.05, 4.19, 10.03, [1, 0, 0, 0, 0]]",감자수제비국,"[66.44, 6.59, 15.81, [1, 0, 0, 0, 0]]",6,6,8
2024-07-31(수),뉴욕핫도그,"[15.0, 8.1, 15.0, [1, 0, 0, 0, 0]]",등심돈까스,"[24.56, 18.98, 51.77, [1, 0, 0, 0, 0]]",팽이버섯계란국,"[0, 0, 0, [0, 0, 0, 0, 1]]",3,1,10
2024-08-01(목),호박된장찌개,"[16.77, 5.6, 15.01, [1, 0, 0, 0, 0]]",찹쌀새알미역국,"[0, 0, 0, [0, 0, 0, 0, 1]]",부대찌개,"[41.11, 38.55, 27.7, [1, 0, 0, 0, 0]]",3,2,11
2024-08-02(금),순두부백탕,"[6.0, 7.0, 11.0, [1, 0, 0, 0, 0]]",카레라이스,"[71.72, 14.91, 34.54, [1, 0, 0, 0, 0]]",두부된장국,"[15.81, 4.71, 11.2, [1, 0, 0, 0, 0]]",4,2,7
2024-08-03(토),새우볼튀김,"[15.0, 11.0, 7.0, [1, 0, 0, 0, 0]]",미소된장국,"[7.78, 3.36, 6.02, [1, 0, 0, 0, 0]]",팽이버섯계란국,"[0, 0, 0, [0, 0, 0, 0, 1]]",1,9,10
2024-08-04(일),물만두국,"[29.95, 21.79, 24.12, [1, 0, 0, 0, 0]]",감자옹심이국,"[48.72, 5.3, 5.23, [1, 0, 0, 0, 0]]",돼지고기김치찌개,"[6.38, 8.09, 8.17, [1, 0, 0, 0, 0]]",8,4,10
2024-08-05(월),쇠고기무국,"[12.07, 8.62, 16.43, [1, 0, 0, 0, 0]]",두부된장국,"[15.81, 4.71, 11.2, [1, 0, 0, 0, 0]]",사골떡국,"[0.42, 1.8, 5.57, [1, 0, 0, 0, 0]]",23,8,3
2024-08-06(화),돼지고기얼큰무국,"[0, 0, 0, [0, 0, 0, 0, 1]]",도토리묵국,"[10.0, 0.2, 0.2, [1, 0, 0, 0, 0]]",우동장국,"[18.0, 0.0, 6.0, [1, 0, 0, 0, 0]]",3,1,9
2024-08-07(수),에그마요샌드위치,"[45.0, 26.0, 16.4, [1, 0, 0, 0, 0]]",고구마튀김,"[7.54, 1.46, 0.82, [1, 0, 0, 0, 0]]",순두부찌개,"[5.62, 17.99, 18.25, [1, 0, 0, 0, 0]]",5,1,11
2024-08-08(목),설렁탕,"[42.7, 12.93, 32.67, [1, 0, 0, 0, 0]]",콩나물비빔면,"[74.51, 11.55, 13.56, [1, 0, 0, 0, 0]]",유부감자호박국,"[0, 0, 0, [0, 0, 0, 0, 1]]",1,1,1
2024-08-09(금),,"[0, 0, 0, [0, 0, 0, 0, 1]]",우유),"[4.6, 4.0, 3.0, [1, 0, 0, 0, 0]]","코주부씨앤에프,코주부바나나초코떡,1kg","[18.6, 1.41, 4.86, [1, 0, 0, 0, 0]]",5,1,1
2024-08-10(토),크림감자뇨끼,"[0, 0, 0, [0, 0, 0, 0, 1]]",투움바파스타,"[33.0, 48.0, 18.0, [1, 0, 0, 0, 0]]",쇠고기미역국,"[16.08, 6.78, 15.06, [1, 0, 0, 0, 0]]",1,1,1
2024-08-11(일),두부김치국,"[18.0, 26.0, 28.0, [1, 0, 0, 0, 0]]",미소된장국,"[7.78, 3.36, 6.02, [1, 0, 0, 0, 0]]",사골우거지국,"[6.0, 7.0, 14.0, [1, 0, 0, 0, 0]]",2,9,6
2024-08-12(월),비엔나소시지김치찌개,"[0, 0, 0, [0, 0, 0, 0, 1]]",배추된장국,"[8.64, 2.01, 3.8, [1, 0, 0, 0, 0]]",오징어무국,"[3.8, 0.96, 10.35, [1, 0, 0, 0, 0]]",1,6,2
2024-08-13(화),햄감자짜글이,"[32.0, 1.8, 5.0, [1, 0, 0, 0, 0]]",해물짬뽕국,"[69.0, 8.0, 18.0, [1, 0, 0, 0, 0]]",참치김치찌개,"[6.11, 4.71, 9.71, [1, 0, 0, 0, 0]]",1,3,6
2024-08-14(수),모닝빵,"[17.42, 1.43, 3.28, [1, 0, 0, 0, 0]]",삼계탕,"[20.41, 15.89, 55.5, [1, 0, 0, 0, 0]]",쇠고기육개장,"[6.0, 6.0, 8.0, [1, 0, 0, 0, 0]]",8,6,9
2024-08-15(목),두부된장국,"[15.81, 4.71, 11.2, [1, 0, 0, 0, 0]]",삼겹살고추장볶음,"[67.0, 22.0, 20.0, [1, 0, 0, 0, 0]]",순살감자탕,"[14.0, 15.0, 26.0, [1, 0, 0, 0, 0]]",8,1,5
2024-08-16(금),찹쌀새알미역국,"[0, 0, 0, [0, 0, 0, 0, 1]]",얼갈이된장국,"[21.0, 4.3, 9.0, [1, 0, 0, 0, 0]]",팽이버섯계란국,"[0, 0, 0, [0, 0, 0, 0, 1]]",1,6,10
2024-08-17(토),돈까스샌드위치,"[57.0, 25.0, 19.0, [1, 0, 0, 0, 0]]",카레우동,"[80.9, 14.2, 32.51, [1, 0, 0, 0, 0]]",꼬치어묵국,"[23.0, 4.7, 12.0, [1, 0, 0, 0, 0]]",1,1,7
2024-08-18(일),버섯육개장,"[9.0, 2.9, 8.0, [1, 0, 0, 0, 0]]",유부장국,"[8.17, 2.48, 5.99, [1, 0, 0, 0, 0]]",닭개장,"[7.33, 14.54, 31.38, [1, 0, 0, 0, 0]]",4,2,6
2024-08-19(월),호박된장찌개,"[16.77, 5.6, 15.01, [1, 0, 0, 0, 0]]",두부된장국,"[15.81, 4.71, 11.2, [1, 0, 0, 0, 0]]",햄감자짜글이,"[32.0, 1.8, 5.0, [1, 0, 0, 0, 0]]",3,8,8
2024-08-20(화),쇠고기무국,"[12.07, 8.62, 16.43, [1, 0, 0, 0, 0]]",메밀국수,"[94.18, 4.67, 18.36, [1, 0, 0, 0, 0]]",오이냉국,"[3.15, 0.08, 0.97, [1, 0, 0, 0, 0]]",23,1,2
2024-08-21(수),식빵,"[12.65, 0.82, 1.91, [1, 0, 0, 0, 0]]",참치김치찌개,"[6.11, 4.71, 9.71, [1, 0, 0, 0, 0]]",감자수제비국,"[66.44, 6.59, 15.81, [1, 0, 0, 0, 0]]",8,7,8
2024-08-22(목),부대찌개,"[41.11, 38.55, 27.7, [1, 0, 0, 0, 0]]",황태채국,"[1.0, 3.1, 12.0, [1, 0, 0, 0, 0]]",순두부찌개,"[5.62, 17.99, 18.25, [1, 0, 0, 0, 0]]",4,2,11
2024-08-23(금),배추된장국,"[8.64, 2.01, 3.8, [1, 0, 0, 0, 0]]",해물볶음우동,"[77.0, 8.0, 19.0, [1, 0, 0, 0, 0]]",새우볼튀김,"[15.0, 11.0, 7.0, [1, 0, 0, 0, 0]]",11,2,2
2024-08-24(토),,"[0, 0, 0, [0, 0, 0, 0, 1]]",순대찜,"[3.0, 3.2, 3.0, [1, 0, 0, 0, 0]]",매콤감자조림,"[6.66, 1.68, 0.79, [1, 0, 0, 0, 0]]",5,1,1
2024-08-25(일),쇠고기두부탕국,"[0, 0, 0, [0, 0, 0, 0, 1]]",감자옹심이국,"[48.72, 5.3, 5.23, [1, 0, 0, 0, 0]]",햄감자짜글이,"[32.0, 1.8, 5.0, [1, 0, 0, 0, 0]]",3,4,8
2024-08-26(월),호박고추장찌개,"[13.53, 2.9, 6.9, [1, 0, 0, 0, 0]]",이북식닭곰탕,"[0, 0, 0, [0, 0, 0, 0, 1]]",참깨수제비,"[116.0, 4.7, 14.0, [1, 0, 0, 0, 0]]",8,1,2
2024-08-27(화),쇠고기무국,"[12.07, 8.62, 16.43, [1, 0, 0, 0, 0]]",물냉면vs비빔냉면,"[0, 0, 0, [0, 0, 0, 0, 1]]",김치어묵국,"[190.0, 17.0, 38.0, [1, 0, 0, 0, 0]]",23,1,2
2024-08-28(수),불고기버거,"[50.0, 22.0, 20.0, [1, 0, 0, 0, 0]]",순두부찌개,"[5.62, 17.99, 18.25, [1, 0, 0, 0, 0]]",마라탕,"[16.1, 8.99, 10.08, [1, 0, 0, 0, 0]]",6,5,2
2024-08-29(목),팽이버섯된장국,"[0, 0, 0, [0, 0, 0, 0, 1]]",껌승,"[1.98, 0.01, 0.0, [1, 0, 0, 0, 0]]",미니우동,"[47.56, 0.62, 7.04, [1, 0, 0, 0, 0]]",4,1,1
2024-08-30(금),,"[0, 0, 0, [0, 0, 0, 0, 1]]",,"[0, 0, 0, [0, 0, 0, 0, 1]]",농후 발효유,"[25.94, 0.0, 0.25, [1, 0, 0, 0, 0]]",5,8,1
2024-08-31(토),길거리토스트,"[63.0, 14.0, 19.0, [1, 0, 0, 0, 0]]",미니우동,"[47.56, 0.62, 7.04, [1, 0, 0, 0, 0]]",쇠고기육개장,"[6.0, 6.0, 8.0, [1, 0, 0, 0, 0]]",1,3,9
2024-09-01(일),두부된장국,"[15.81, 4.71, 11.2, [1, 0, 0, 0, 0]]",쇠고기무국,"[12.07, 8.62, 16.43, [1, 0, 0, 0, 0]]",만두육개장,"[0, 0, 0, [0, 0, 0, 0, 1]]",8,5,4
2024-09-02(월),얼갈이된장국,"[21.0, 4.3, 9.0, [1, 0, 0, 0, 0]]",참치김치찌개,"[6.11, 4.71, 9.71, [1, 0, 0, 0, 0]]",감자탕,"[10.01, 5.58, 14.74, [1, 0, 0, 0, 0]]",4,7,4
2024-09-03(화),콩나물김치국,"[1.79, 1.82, 1.92, [1, 0, 0, 0, 0]]",찹쌀새알미역국,"[0, 0, 0, [0, 0, 0, 0, 1]]",감자수제비국,"[66.44, 6.59, 15.81, [1, 0, 0, 0, 0]]",6,2,8
2024-09-04(수),에그마요샌드위치,"[45.0, 26.0, 16.4, [1, 0, 0, 0, 0]]",미소된장국,"[7.78, 3.36, 6.02, [1, 0, 0, 0, 0]]",돈까스김치나베,"[76.0, 33.0, 24.0, [1, 0, 0, 0, 0]]",5,9,1
2024-09-05(목),쇠고기미역국,"[16.08, 6.78, 15.06, [1, 0, 0, 0, 0]]",비빔막국수,"[58.96, 7.03, 17.39, [1, 0, 0, 0, 0]]",팽이버섯된장국,"[0, 0, 0, [0, 0, 0, 0, 1]]",6,3,9
2024-09-06(금),감자된장국,"[0, 0, 0, [0, 0, 0, 0, 1]]",순두부백탕,"[6.0, 7.0, 11.0, [1, 0, 0, 0, 0]]",떡볶이,"[60.42, 2.91, 6.97, [1, 0, 0, 0, 0]]",3,1,1
2024-09-07(토),크림스프,"[11.0, 2.4, 1.0, [1, 0, 0, 0, 0]]",우동장국,"[18.0, 0.0, 6.0, [1, 0, 0, 0, 0]]",햄감자짜글이,"[32.0, 1.8, 5.0, [1, 0, 0, 0, 0]]",2,6,8
2024-09-08(일),깍두기,"[3.21, 0.29, 0.62, [1, 0, 0, 0, 0]]","㈜케이헬스바이오, 프로루틴단백질음료 코코아, 250mL","[26.58, 5.82, 8.8, [1, 0, 0, 0, 0]]",깍두기,"[3.21, 0.29, 0.62, [1, 0, 0, 0, 0]]",3,1,1
2024-09-09(월),미소된장국,"[7.78, 3.36, 6.02, [1, 0, 0, 0, 0]]",홍합탕,"[11.91, 7.58, 22.81, [1, 0, 0, 0, 0]]",얼갈이된장국,"[21.0, 4.3, 9.0, [1, 0, 0, 0, 0]]",3,1,3
2024-09-10(화),물만두국,"[29.95, 21.79, 24.12, [1, 0, 0, 0, 0]]",유부된장국,"[8.17, 2.48, 5.99, [1, 0, 0, 0, 0]]",감자탕,"[10.01, 5.58, 14.74, [1, 0, 0, 0, 0]]",8,10,4
2024-09-11(수),모닝빵,"[17.42, 1.43, 3.28, [1, 0, 0, 0, 0]]",쇠고기무국,"[12.07, 8.62, 16.43, [1, 0, 0, 0, 0]]",치킨버거,"[40.9, 15.4, 15.0, [1, 0, 0, 0, 0]]",8,5,2
2024-09-12(목),돈육고추장찌개,"[17.55, 4.2, 13.0, [1, 0, 0, 0, 0]]",청국장찌개,"[11.05, 4.19, 10.03, [1, 0, 0, 0, 0]]",닭개장,"[7.33, 14.54, 31.38, [1, 0, 0, 0, 0]]",2,6,6
2024-09-13(금),쇠고기장터국,"[7.0, 3.7, 9.0, [1, 0, 0, 0, 0]]",차오미엔,"[0, 0, 0, [0, 0, 0, 0, 1]]",참깨수제비,"[116.0, 4.7, 14.0, [1, 0, 0, 0, 0]]",1,1,2
2024-09-14(토),알감자버터구이,"[0, 0, 0, [0, 0, 0, 0, 1]]",치킨타코,"[29.0, 14.0, 15.0, [1, 0, 0, 0, 0]]",돼지국밥,"[0, 0, 0, [1, 0, 0, 0, 0]]",1,1,6
2024-09-15(일),쇠고기육개장,"[6.0, 6.0, 8.0, [1, 0, 0, 0, 0]]",해물짬뽕국,"[69.0, 8.0, 18.0, [1, 0, 0, 0, 0]]",조갯살미역국,"[0, 0, 0, [0, 0, 0, 0, 1]]",5,3,2
2024-09-16(월),팽이버섯계란국,"[0, 0, 0, [0, 0, 0, 0, 1]]",불고기버거,"[50.0, 22.0, 20.0, [1, 0, 0, 0, 0]]",부대찌개,"[41.11, 38.55, 27.7, [1, 0, 0, 0, 0]]",4,2,11
2024-09-17(화),감자된장국,"[0, 0, 0, [0, 0, 0, 0, 1]]",떡만두국,"[68.42, 11.05, 15.0, [1, 0, 0, 0, 0]]",모듬어묵국,"[19.0, 2.7, 9.0, [1, 0, 0, 0, 0]]",3,1,2
2024-09-18(수),식빵,"[12.65, 0.82, 1.91, [1, 0, 0, 0, 0]]",미소된장국,"[7.78, 3.36, 6.02, [1, 0, 0, 0, 0]]",햄감자짜글이,"[32.0, 1.8, 5.0, [1, 0, 0, 0, 0]]",8,9,8
2024-09-19(목),돼지고기김치찌개,"[6.38, 8.09, 8.17, [1, 0, 0, 0, 0]]",콩나물무채국,"[5.99, 1.13, 2.31, [1, 0, 0, 0, 0]]",카레라이스,"[71.72, 14.91, 34.54, [1, 0, 0, 0, 0]]",3,2,3
2024-09-20(금),순두부찌개,"[5.62, 17.99, 18.25, [1, 0, 0, 0, 0]]",얼갈이된장국,"[21.0, 4.3, 9.0, [1, 0, 0, 0, 0]]",옹심이만두국,"[0, 0, 0, [0, 0, 0, 0, 1]]",4,6,1
2024-09-21(토),꼬치어묵우동,"[9.36, 6.86, 9.36, [1, 0, 0, 0, 0]]",미소된장국,"[7.78, 3.36, 6.02, [1, 0, 0, 0, 0]]",두부된장국,"[15.81, 4.71, 11.2, [1, 0, 0, 0, 0]]",1,9,7
2024-09-22(일),오징어무국,"[3.8, 0.96, 10.35, [1, 0, 0, 0, 0]]",쇠고기미역국,"[16.08, 6.78, 15.06, [1, 0, 0, 0, 0]]",순두부찌개,"[5.62, 17.99, 18.25, [1, 0, 0, 0, 0]]",8,19,11
2024-09-23(월),삼색계란찜,"[0, 0, 0, [0, 0, 0, 0, 1]]",골뱅이소면무침,"[34.68, 4.46, 29.85, [1, 0, 0, 0, 0]]",케이준치킨텐더샐러드,"[14.0, 8.0, 1.0, [1, 0, 0, 0, 0]]",2,1,1
2024-09-24(화),순두부백탕,"[6.0, 7.0, 11.0, [1, 0, 0, 0, 0]]",교자칼국수,"[120.0, 1.7, 10.0, [1, 0, 0, 0, 0]]",미트볼스파게티,"[61.0, 13.0, 14.0, [1, 0, 0, 0, 0]]",4,1,1
2024-09-25(수),에그마요샌드위치,"[45.0, 26.0, 16.4, [1, 0, 0, 0, 0]]",청국장찌개,"[11.05, 4.19, 10.03, [1, 0, 0, 0, 0]]",조갯살미역국,"[0, 0, 0, [0, 0, 0, 0, 1]]",5,6,2
2024-09-26(목),두부김치국,"[18.0, 26.0, 28.0, [1, 0, 0, 0, 0]]",감자탕,"[10.01, 5.58, 14.74, [1, 0, 0, 0, 0]]",팽이버섯계란국,"[0, 0, 0, [0, 0, 0, 0, 1]]",2,6,10
2024-09-27(금),돈육고추장찌개,"[17.55, 4.2, 13.0, [1, 0, 0, 0, 0]]",짬뽕수제비국,"[93.0, 3.7, 10.0, [1, 0, 0, 0, 0]]",닭개장,"[7.33, 14.54, 31.38, [1, 0, 0, 0, 0]]",2,2,6
2024-09-28(토),새우버거,"[46.0, 26.0, 15.0, [1, 0, 0, 0, 0]]",치킨스테이크,"[8.0, 7.0, 21.0, [1, 0, 0, 0, 0]]",두부된장국,"[15.81, 4.71, 11.2, [1, 0, 0, 0, 0]]",5,2,7
2024-09-29(일),팽이버섯된장국,"[0, 0, 0, [0, 0, 0, 0, 1]]",참치김치찌개,"[6.11, 4.71, 9.71, [1, 0, 0, 0, 0]]",순대국,"[33.78, 10.35, 23.25, [1, 0, 0, 0, 0]]",4,7,4
2024-09-30(월),쇠고기무국,"[12.07, 8.62, 16.43, [1, 0, 0, 0, 0]]",구운계란카레라이스,"[0, 0, 0, [0, 0, 0, 0, 1]]",우동장국,"[18.0, 0.0, 6.0, [1, 0, 0, 0, 0]]",23,1,9
2024-10-01(화),두부된장국,"[15.81, 4.71, 11.2, [1, 0, 0, 0, 0]]",참깨수제비,"[116.0, 4.7, 14.0, [1, 0, 0, 0, 0]]",우동장국,"[18.0, 0.0, 6.0, [1, 0, 0, 0, 0]]",8,1,9
2024-10-02(수),감자샌드위치,"[40.0, 18.0, 12.0, [1, 0, 0, 0, 0]]",쇠고기미역국,"[16.08, 6.78, 15.06, [1, 0, 0, 0, 0]]",돼지국밥,"[0, 0, 0, [1, 0, 0, 0, 0]]",3,19,6
2024-10-03(목),모듬어묵탕,"[19.0, 2.7, 9.0, [1, 0, 0, 0, 0]]",황태채국,"[1.0, 3.1, 12.0, [1, 0, 0, 0, 0]]",콩나물국,"[5.87, 1.54, 2.17, [1, 0, 0, 0, 0]]",6,2,7
2024-10-04(금),팽이버섯계란국,"[0, 0, 0, [0, 0, 0, 0, 1]]",두부된장국,"[15.81, 4.71, 11.2, [1, 0, 0, 0, 0]]",카레라이스,"[71.72, 14.91, 34.54, [1, 0, 0, 0, 0]]",4,8,3
2024-10-05(토),콩나물국,"[5.87, 1.54, 2.17, [1, 0, 0, 0, 0]]",파인애플함박스테이크,"[0, 0, 0, [0, 0, 0, 0, 1]]",미소된장국,"[7.78, 3.36, 6.02, [1, 0, 0, 0, 0]]",6,1,1
2024-10-06(일),쇠고기두부탕국,"[0, 0, 0, [0, 0, 0, 0, 1]]",배추된장국,"[8.64, 2.01, 3.8, [1, 0, 0, 0, 0]]",우동장국,"[18.0, 0.0, 6.0, [1, 0, 0, 0, 0]]",3,6,9
2024-10-07(월),돼지고기김치찌개,"[6.38, 8.09, 8.17, [1, 0, 0, 0, 0]]",감자탕,"[10.01, 5.58, 14.74, [1, 0, 0, 0, 0]]",햄감자짜글이,"[32.0, 1.8, 5.0, [1, 0, 0, 0, 0]]",3,6,8
2024-10-08(화),물만두국,"[29.95, 21.79, 24.12, [1, 0, 0, 0, 0]]",순두부찌개,"[5.62, 17.99, 18.25, [1, 0, 0, 0, 0]]",나가사끼짬뽕국,"[74.0, 9.0, 9.0, [1, 0, 0, 0, 0]]",8,5,1
2024-10-09(수),미트볼핫도그,"[42.0, 13.0, 13.0, [1, 0, 0, 0, 0]]",참치김치찌개,"[6.11, 4.71, 9.71, [1, 0, 0, 0, 0]]",쇠고기육개장,"[6.0, 6.0, 8.0, [1, 0, 0, 0, 0]]",1,7,9
2024-10-10(목),맑은순두부계란탕,"[0, 0, 0, [0, 0, 0, 0, 1]]",유부된장국,"[8.17, 2.48, 5.99, [1, 0, 0, 0, 0]]",팽이버섯된장국,"[0, 0, 0, [0, 0, 0, 0, 1]]",1,10,9
2024-10-11(금),감자수제비국,"[66.44, 6.59, 15.81, [1, 0, 0, 0, 0]]",왕돈까스,"[24.56, 30.6, 45.16, [1, 0, 0, 0, 0]]",두부된장국,"[15.81, 4.71, 11.2, [1, 0, 0, 0, 0]]",4,2,7
2024-10-12(토),호박된장찌개,"[16.77, 5.6, 15.01, [1, 0, 0, 0, 0]]",우동장국,"[18.0, 0.0, 6.0, [1, 0, 0, 0, 0]]",콩나물국,"[5.87, 1.54, 2.17, [1, 0, 0, 0, 0]]",3,6,7
2024-10-13(일),두부된장국,"[15.81, 4.71, 11.2, [1, 0, 0, 0, 0]]",김치수제비국,"[112.0, 2.4, 14.0, [1, 0, 0, 0, 0]]",순두부찌개,"[5.62, 17.99, 18.25, [1, 0, 0, 0, 0]]",8,1,11
2024-10-14(월),쇠고기무국,"[12.07, 8.62, 16.43, [1, 0, 0, 0, 0]]",새우튀김우동,"[87.0, 7.0, 12.0, [1, 0, 0, 0, 0]]",호박된장찌개,"[16.77, 5.6, 15.01, [1, 0, 0, 0, 0]]",23,2,5
2024-10-15(화),감자옹심이국,"[48.72, 5.3, 5.23, [1, 0, 0, 0, 0]]",들깨무채국,"[0, 0, 0, [0, 0, 0, 0, 1]]",새우볼튀김,"[15.0, 11.0, 7.0, [1, 0, 0, 0, 0]]",2,3,2
2024-10-16(수),감자샌드위치,"[40.0, 18.0, 12.0, [1, 0, 0, 0, 0]]",우동장국,"[18.0, 0.0, 6.0, [1, 0, 0, 0, 0]]",팽이버섯계란국,"[0, 0, 0, [0, 0, 0, 0, 1]]",3,6,10
2024-10-17(목),두부맑은국,"[0, 0, 0, [0, 0, 0, 0, 1]]",미소된장국,"[7.78, 3.36, 6.02, [1, 0, 0, 0, 0]]",콩나물김치국,"[1.79, 1.82, 1.92, [1, 0, 0, 0, 0]]",5,9,3
2024-10-18(금),닭곰탕,"[1.87, 4.75, 18.72, [1, 0, 0, 0, 0]]",들깨오리탕,"[0, 0, 0, [0, 0, 0, 0, 1]]",두부계란국,"[6.0, 2.1, 2.0, [1, 0, 0, 0, 0]]",9,2,1
2024-10-19(토),새우버거,"[46.0, 26.0, 15.0, [1, 0, 0, 0, 0]]",치킨그라탕,"[11.0, 4.1, 1.0, [1, 0, 0, 0, 0]]",배추들깨국,"[0, 0, 0, [0, 0, 0, 0, 1]]",5,1,1
2024-10-20(일),사골떡국,"[0.42, 1.8, 5.57, [1, 0, 0, 0, 0]]",팽이버섯된장국,"[0, 0, 0, [0, 0, 0, 0, 1]]",쇠고기두부탕국,"[0, 0, 0, [0, 0, 0, 0, 1]]",8,7,1
2024-10-21(월),얼갈이된장국,"[21.0, 4.3, 9.0, [1, 0, 0, 0, 0]]",조갯살미역국,"[0, 0, 0, [0, 0, 0, 0, 1]]",우동장국,"[18.0, 0.0, 6.0, [1, 0, 0, 0, 0]]",4,2,9
2024-10-22(화),버섯된장국,"[5.0, 0.4, 1.0, [1, 0, 0, 0, 0]]",베이컨마늘필라프,"[0, 0, 0, [0, 0, 0, 0, 1]]",시금치된장국,"[17.48, 2.8, 7.91, [1, 0, 0, 0, 0]]",1,2,1
2024-10-23(수),불고기버거,"[50.0, 22.0, 20.0, [1, 0, 0, 0, 0]]",들깨옹심이국,"[0, 0, 0, [0, 0, 0, 0, 1]]",부대찌개,"[41.11, 38.55, 27.7, [1, 0, 0, 0, 0]]",6,1,11
2024-10-24(목),참치김치찌개,"[6.11, 4.71, 9.71, [1, 0, 0, 0, 0]]",콩나물국,"[5.87, 1.54, 2.17, [1, 0, 0, 0, 0]]",얼갈이된장국,"[21.0, 4.3, 9.0, [1, 0, 0, 0, 0]]",9,10,3
2024-10-25(금),두부된장국,"[15.81, 4.71, 11.2, [1, 0, 0, 0, 0]]",청국장찌개,"[11.05, 4.19, 10.03, [1, 0, 0, 0, 0]]",메밀소바,"[75.0, 2.1, 11.0, [1, 0, 0, 0, 0]]",8,6,2
2024-10-26(토),우동장국,"[18.0, 0.0, 6.0, [1, 0, 0, 0, 0]]",팽이버섯계란국,"[0, 0, 0, [0, 0, 0, 0, 1]]",순살감자탕,"[14.0, 15.0, 26.0, [1, 0, 0, 0, 0]]",3,8,5
2024-10-27(일),돼지국밥,"[0, 0, 0, [1, 0, 0, 0, 0]]",순두부찌개,"[5.62, 17.99, 18.25, [1, 0, 0, 0, 0]]",팽이버섯된장국,"[0, 0, 0, [0, 0, 0, 0, 1]]",2,5,9
2024-10-28(월),맑은쇠고기무국,"[0.0, 2.5, 20.0, [1, 0, 0, 0, 0]]",사골우거지국,"[6.0, 7.0, 14.0, [1, 0, 0, 0, 0]]",꼬치어묵우동,"[9.36, 6.86, 9.36, [1, 0, 0, 0, 0]]",1,5,2
2024-10-29(화),물만두국,"[29.95, 21.79, 24.12, [1, 0, 0, 0, 0]]",들깨무채국,"[0, 0, 0, [0, 0, 0, 0, 1]]",카레라이스,"[71.72, 14.91, 34.54, [1, 0, 0, 0, 0]]",8,3,3
2024-10-30(수),에그마요샌드위치,"[45.0, 26.0, 16.4, [1, 0, 0, 0, 0]]",잔치국수,"[83.16, 3.94, 20.78, [1, 0, 0, 0, 0]]",콩나물국,"[5.87, 1.54, 2.17, [1, 0, 0, 0, 0]]",5,2,7
2024-10-31(목),호박고추장찌개,"[13.53, 2.9, 6.9, [1, 0, 0, 0, 0]]",우럭매운탕,"[4.12, 5.1, 21.53, [1, 0, 0, 0, 0]]",페퍼로니치즈함박,"[0, 0, 0, [0, 0, 0, 0, 1]]",8,2,1
