날짜,조식,조식열량,중식,중식열량,석식,석식열량,증특식,증특식열량,열량합계
2024-10-31(목),황태해장국,56.28kcal,사골설렁탕,184.56kcal,배추된장국,75.53kcal,,,3068.62kcal
2024-10-31(목),돈육고추장볶음,312.74kcal,볼어묵볶음,85.9kcal,순대곱창볶음,289.62kcal,,,3068.62kcal
2024-10-31(목),연근땅콩조림,35.81kcal,파인애플함박스테이크,597.6kcal,계란찜,117.67kcal,,,3068.62kcal
2024-10-31(목),가지무침,14.88kcal,양념고추지,37.2kcal,쌈무,25kcal,,,3068.62kcal
2024-10-31(목),가공우유,90kcal,석박지,22.8kcal,배추김치,12kcal,,,3068.62kcal
2024-10-31(목),배추김치,12kcal,배,34.03kcal,,,,,3068.62kcal
2024-10-17(목),가공우유,194kcal,단무지,7.2kcal,오이피클,70kcal,,,3254.73kcal
2024-10-17(목),배추김치,12kcal,배추김치,12kcal,깍두기,15.2kcal,,,3254.73kcal
2024-10-18(금),밥,355kcal,카레밥,513.4kcal,스팸김치덮밥,777.72kcal,,,3528.02kcal
2024-10-18(금),얼큰콩나물국,30.14kcal,감자짜글이,152.71kcal,쇠고기감자국,66.67kcal,,,3528.02kcal
2024-10-18(금),돈육고추장볶음,312.74kcal,고구마치즈돈가스,670kcal,스크램블에그,150.13kcal,,,3528.02kcal
2024-10-18(금),햄슬라이스야채볶음,157.91kcal,만다린샐러드,61.3kcal,닭순살샐러드,148.1kcal,,,3528.02kcal
2024-10-18(금),배추김치,12kcal,깍두기,15.2kcal,총각김치,0kcal,,,3528.02kcal
2024-10-18(금),우유,65kcal,"해태에이치티비,갈아만든배,238ml",40kcal,,,,,3528.02kcal
2024-10-19(토),와플&초코잼,273.6kcal,주먹밥,195kcal,밥,355kcal,,,3114.72kcal
2024-10-19(토),팝콘치킨소스,637.8kcal,우동국물,61.41kcal,병천순대국밥,346.54kcal,,,3114.72kcal
2024-10-19(토),단호박샐러드,78kcal,골뱅이소면무침,306.3kcal,해물파전,585kcal,,,3114.72kcal
2024-10-19(토),우유,65kcal,구운계란,0kcal,양념고추지,37.2kcal,,,3114.72kcal
2024-10-19(토),,,배추김치,12kcal,깍두기,15.2kcal,,,3114.72kcal
2024-10-19(토),,,오렌지주스,46.67kcal,떠먹는 발효유,100kcal,,,3114.72kcal
2024-10-20(일),밥,355kcal,불닭덮밥,616.97kcal,밥,355kcal,,,3165.73kcal
2024-10-20(일),가리비미역국,15.67kcal,다시마무국,20.06kcal,유부된장국,34.19kcal,,,3165.73kcal
2024-10-20(일),돼지간장불고기,242.07kcal,왕새우튀김,350.9kcal,물만두,267.28kcal,,,3165.73kcal
2024-10-20(일),연두부양념장,63.77kcal,꼬들단무지무침,18.45kcal,바베큐폭립,695kcal,,,3165.73kcal
2024-10-20(일),배추김치,12kcal,배추김치,12kcal,콩나물무침,30.37kcal,,,3165.73kcal
2024-10-20(일),우유,65kcal,에너지 음료,,배추김치,12kcal,,,3165.73kcal
2024-10-21(월),밥,355kcal,잡곡밥,387.65kcal,밥,355kcal,,,3195.60kcal
2024-10-21(월),양지수육곰탕,321.6kcal,감자탕,457.62kcal,홍합탕,27.04kcal,,,3195.60kcal
2024-10-21(월),비엔나소시지케찹볶음,312.6kcal,잡채,235.15kcal,돼지고기김치볶음,276.98kcal,,,3195.60kcal
2024-10-21(월),양념깻잎지무침,30kcal,순살삼치구이,196kcal,감자조림,87.21kcal,,,3195.60kcal
2024-10-21(월),깍두기,15.2kcal,배추김치,12kcal,가지무침,14.88kcal,,,3195.60kcal
2024-10-21(월),우유,65kcal,오렌지주스,46.67kcal,총각김치,0kcal,,,3195.60kcal
2024-10-22(화),밥,355kcal,검은콩밥,388.04kcal,밥,355kcal,,,3512.38kcal
2024-10-22(화),돼지고기고추장찌개,109.73kcal,배추된장국,75.53kcal,돼지국밥,376.48kcal,,,3512.38kcal
2024-10-22(화),토마토달걀볶음,196.91kcal,오리불고기,324.69kcal,뿌링클치킨,635kcal,,,3512.38kcal
2024-10-22(화),맛김,5.25kcal,순대부추찜,232.03kcal,양파부추겉절이,10.42kcal,,,3512.38kcal
2024-10-22(화),쇠고기장조림,215kcal,궁채장아찌,0kcal,석박지,22.8kcal,,,3512.38kcal
2024-10-22(화),가공우유,82.5kcal,총각김치,0kcal,과일푸딩,116kcal,,,3512.38kcal
2024-10-22(화),배추김치,12kcal,,,,,,,3512.38kcal
2024-10-23(수),모닝빵&크로와상,415.32kcal,곤드레밥&양념장,374.31kcal,밥,355kcal,,,3030.05kcal
2024-10-23(수),야채샐러드,93.71kcal,호박된장찌개,91.75kcal,얼큰콩나물국,30.14kcal,,,3030.05kcal
2024-10-23(수),닭가슴살비엔나소시지구이,101.5kcal,가자미순살강정,490.2kcal,햄슬라이스야채볶음,157.91kcal,,,3030.05kcal
2024-10-23(수),우유,65kcal,맛김,5.25kcal,분모자로제찜닭,504.03kcal,,,3030.05kcal
2024-10-23(수),콜라,117.5kcal,오이양파무침,14.43kcal,배추김치,12kcal,,,3030.05kcal
2024-10-23(수),,,배추김치,12kcal,,,,,3030.05kcal
2024-10-23(수),,,식혜,190kcal,,,,,3030.05kcal
2024-10-24(목),밥,355kcal,해물볶음우동,603.6kcal,밥,355kcal,,,3209.77kcal
2024-10-24(목),새우순두부계란탕,96.67kcal,김가루밥,364.19kcal,쇠고기미역국,50.09kcal,,,3209.77kcal
2024-10-24(목),멸치볶음,83.04kcal,우동국물,61.41kcal,감자채피망볶음,73.61kcal,,,3209.77kcal
2024-10-24(목),소불고기버섯볶음,226.57kcal,치즈롤까스,545kcal,대구찜,71.09kcal,,,3209.77kcal
2024-10-24(목),가공우유,282.5kcal,무&비트피클,18kcal,배추김치,12kcal,,,3209.77kcal
2024-10-24(목),총각김치,0kcal,배추김치,12kcal,,,,,3209.77kcal
2024-10-25(금),스팸마요덮밥,843.21kcal,흑미밥,373.75kcal,밥,355kcal,,,4103.13kcal
2024-10-25(금),콩나물김치국,27.53kcal,얼큰어묵국,65.98kcal,호박고추장찌개,40.97kcal,,,4103.13kcal
2024-10-25(금),동그랑땡&케첩,285.5kcal,삼겹모듬캠핑구이,739.18kcal,해쉬브라운,241.66kcal,,,4103.13kcal
2024-10-25(금),김자반,35.36kcal,모듬쌈,8.36kcal,크림청양함박스테이크,549.36kcal,,,4103.13kcal
2024-10-25(금),볶음김치,0kcal,파채콩나물무침,30.85kcal,황도샐러드,182.27kcal,,,4103.13kcal
2024-10-25(금),매일두유 초콜릿 190ml,250kcal,보쌈김치,48.55kcal,배추김치,12kcal,,,4103.13kcal
2024-10-25(금),,,대추방울토마토,13.6kcal,,,,,4103.13kcal
2024-10-26(토),케이준감자튀김,371.3kcal,낙지볶음밥,385kcal,명란마요덮밥,628.36kcal,,,4078.95kcal
2024-10-26(토),프로틴바,0kcal,파송송계란국,59.72kcal,쇠고기무국,54.09kcal,,,4078.95kcal
2024-10-26(토),팬케이크,730.2kcal,바베큐치킨스테이크,400kcal,누들떡볶이,304.48kcal,,,4078.95kcal
2024-10-26(토),우유,65kcal,콘샐러드,175kcal,야채고로케,443kcal,,,4078.95kcal
2024-10-26(토),,,배추김치,12kcal,배추김치,12kcal,,,4078.95kcal
2024-10-26(토),,,사이다,350kcal,이온음료,88.8kcal,,,4078.95kcal
2024-10-27(일),밥,355kcal,밥,355kcal,밥,355kcal,,,3006.85kcal
2024-10-27(일),사골우거지국,186.44kcal,샤브샤브국,68.71kcal,다시마무국,20.06kcal,,,3006.85kcal
2024-10-27(일),꽈리고추메추리알장조림,173.44kcal,닭갈비,260.05kcal,고추잡채&꽃빵,511.12kcal,,,3006.85kcal
2024-10-27(일),오이부추무침,13.54kcal,김치전,405kcal,짜장소스,99kcal,,,3006.85kcal
2024-10-27(일),깍두기,15.2kcal,미나리초무침,13.29kcal,단무지,7.2kcal,,,3006.85kcal
2024-10-27(일),우유,65kcal,백김치,16.8kcal,배추김치,12kcal,,,3006.85kcal
2024-10-27(일),,,,,청포도주스,75kcal,,,3006.85kcal
2024-10-28(월),밥,355kcal,밥,355kcal,밥,355kcal,,,3953.81kcal
2024-10-28(월),얼큰쇠고기무국,62.25kcal,사골떡만둣국,524.79kcal,쑥갓어묵국,65.86kcal,,,3953.81kcal
2024-10-28(월),두부김치,248.29kcal,베이컨감자채볶음,133.16kcal,흑돼지돈가스,727.5kcal,,,3953.81kcal
2024-10-28(월),데리야끼산적조림,307.23kcal,갑오징어야채무침,261.31kcal,오이피클,70kcal,,,3953.81kcal
2024-10-28(월),깍두기,15.2kcal,배추김치,12kcal,까르보나라감자뇨끼,338.39kcal,,,3953.81kcal
2024-10-28(월),우유,65kcal,사과,42.63kcal,깍두기,15.2kcal,,,3953.81kcal
2024-10-29(화),밥,355kcal,돈코츠라멘차슈,583.74kcal,주꾸미볶음밥,370.12kcal,,,3282.57kcal
2024-10-29(화),쇠고기미역국,50.09kcal,추가밥,213kcal,유부된장국,34.19kcal,,,3282.57kcal
2024-10-29(화),닭볶음탕,408.2kcal,닭꼬치,123.2kcal,김말이튀김&고추튀김,383.11kcal,,,3282.57kcal
2024-10-29(화),열무된장무침,21.3kcal,락교,27.9kcal,계란후라이,115.08kcal,,,3282.57kcal
2024-10-29(화),가공우유,194kcal,배추김치,12kcal,무생채,17.64kcal,,,3282.57kcal
2024-10-29(화),배추김치,12kcal,,,배추김치,12kcal,,,3282.57kcal
2024-10-29(화),,,,,사이다,350kcal,,,3282.57kcal
2024-10-30(수),언양식불고기버거,761.98kcal,잡곡밥,387.65kcal,파송송계란국,59.72kcal,,,3636.78kcal
2024-10-30(수),웨지감자튀김,416.5kcal,양해장국,12.6kcal,마늘안심닭강정,744.43kcal,,,3636.78kcal
2024-10-30(수),야채샐러드,93.71kcal,닭날개데리야끼조림,407.28kcal,팔보채덮밥,499.31kcal,,,3636.78kcal
2024-10-30(수),콜라,117.5kcal,깻잎순무침,25.45kcal,꼬들단무지무침,18.45kcal,,,3636.78kcal
2024-10-30(수),우유,65kcal,깍두기,15.2kcal,배추김치,12kcal,,,3636.78kcal
2024-10-30(수),,,바나나,,,,,,3636.78kcal
2024-10-31(목),밥,355kcal,밥,355kcal,밥,355kcal,,,3068.62kcal
2024-10-04(금),쇠고기장터국,46.24kcal,우렁된장찌개,86.64kcal,우동국물,61.41kcal,,,3261.16kcal
2024-10-04(금),맛김,5.25kcal,마늘삼겹살구이,703.66kcal,모짜렐라치즈핫도그,147.8kcal,,,3261.16kcal
2024-10-04(금),함박스테이크,394.2kcal,콩나물무침,30.37kcal,꼬들단무지무침,18.45kcal,,,3261.16kcal
2024-10-04(금),양념깻잎지무침,30kcal,상추쌈,10.53kcal,배추김치,12kcal,,,3261.16kcal
2024-10-04(금),깍두기,15.2kcal,보쌈김치,48.55kcal,,,,,3261.16kcal
2024-10-04(금),우유,65kcal,에너지 음료,,,,,,3261.16kcal
2024-10-05(토),핫치킨버거,760.55kcal,통새우볶음밥,397kcal,밥,355kcal,,,3130.45kcal
2024-10-05(토),테이터잼감자튀김,203kcal,김치국,22.78kcal,시래기감자탕,259.99kcal,,,3130.45kcal
2024-10-05(토),우유,65kcal,바베큐폭립,695kcal,매콤계란조림,151.25kcal,,,3130.45kcal
2024-10-05(토),,,만다린샐러드,61.3kcal,가지무침,14.88kcal,,,3130.45kcal
2024-10-05(토),,,깍두기,15.2kcal,배추김치,12kcal,,,3130.45kcal
2024-10-05(토),,,콜라,117.5kcal,,,,,3130.45kcal
2024-10-06(일),전복죽,0kcal,밥,355kcal,빈달루커리,590.58kcal,,,2663.87kcal
2024-10-06(일),맛김,5.25kcal,물만둣국,304.56kcal,매운버섯국,41.64kcal,,,2663.87kcal
2024-10-06(일),돈육장조림,305.5kcal,돈육김치찜,156.99kcal,미니전병,305.65kcal,,,2663.87kcal
2024-10-06(일),오징어젓무침,41.26kcal,미트볼케찹조림,72.56kcal,꽃맛살메추리알샐러드,291.88kcal,,,2663.87kcal
2024-10-06(일),배추김치,12kcal,깍두기,15.2kcal,배추김치,12kcal,,,2663.87kcal
2024-10-06(일),우유,65kcal,이온음료,88.8kcal,,,,,2663.87kcal
2024-10-07(월),밥,355kcal,검은콩밥,388.04kcal,오므라이스,862.4kcal,,,3709.53kcal
2024-10-07(월),사골우거지국,186.44kcal,짬뽕찌개,73.1kcal,배추된장국,75.53kcal,,,3709.53kcal
2024-10-07(월),두부조림,90.1kcal,누들떡볶이,304.48kcal,통살새우볼,376.8kcal,,,3709.53kcal
2024-10-07(월),오징어숙회/초고추장,129.16kcal,청양마요치킨,669.48kcal,단호박샐러드,78kcal,,,3709.53kcal
2024-10-07(월),배추김치,12kcal,깍두기,15.2kcal,깍두기,15.2kcal,,,3709.53kcal
2024-10-07(월),우유,65kcal,대추방울토마토,13.6kcal,마카롱,,,,3709.53kcal
2024-10-08(화),밥,355kcal,흑미밥,373.75kcal,밥,355kcal,,,2941.20kcal
2024-10-08(화),키조개미역국,20.1kcal,순두부찌개,133.63kcal,사골설렁탕,184.56kcal,,,2941.20kcal
2024-10-08(화),돼지고기콩나물볶음,292.1kcal,대패삼겹숙주볶음,397.73kcal,김치전,405kcal,,,2941.20kcal
2024-10-08(화),달걀크래미볶음,115.93kcal,명이나물절임,22kcal,양파부추겉절이,10.42kcal,,,2941.20kcal
2024-10-08(화),가공우유,194kcal,파김치,12.15kcal,깍두기,15.2kcal,,,2941.20kcal
2024-10-08(화),배추김치,12kcal,사과,42.63kcal,,,,,2941.20kcal
2024-10-09(수),햄치즈샌드위치,624.26kcal,밥,355kcal,밥,355kcal,,,3533.36kcal
2024-10-09(수),호두과자,126.8kcal,콩나물국,29.51kcal,참치김치찌개,122.65kcal,,,3533.36kcal
2024-10-09(수),파인애플샐러드,72.08kcal,닭갈비,260.05kcal,소불고기버섯볶음,226.57kcal,,,3533.36kcal
2024-10-09(수),우유,65kcal,너비아니구이,622.74kcal,계란찜,117.67kcal,,,3533.36kcal
2024-10-09(수),사이다,350kcal,무말랭이무침,60kcal,명태회무침,100kcal,,,3533.36kcal
2024-10-09(수),,,배추김치,12kcal,총각김치,0kcal,,,3533.36kcal
2024-10-09(수),,,,,배,34.03kcal,,,3533.36kcal
2024-10-10(목),장조림버터밥,768.15kcal,추가밥,213kcal,밥,355kcal,,,3310.32kcal
2024-10-10(목),다시마무국,20.06kcal,해물칼국수,396.77kcal,얼큰쇠고기무국,62.25kcal,,,3310.32kcal
2024-10-10(목),비엔나소시지야채볶음,360.63kcal,교자만두찜,191.85kcal,훈제오리파프리카볶음,342.23kcal,,,3310.32kcal
2024-10-10(목),가공우유,82.5kcal,오징어초무침,132.31kcal,감자조림,87.21kcal,,,3310.32kcal
2024-10-10(목),김자반,35.36kcal,배추겉절이,24kcal,쌈무,25kcal,,,3310.32kcal
2024-10-10(목),배추김치,12kcal,식혜,190kcal,배추김치,12kcal,,,3310.32kcal
2024-10-11(금),밥,355kcal,밥,355kcal,밥,355kcal,,,3046.60kcal
2024-10-11(금),황태해장국,56.28kcal,돼지국밥,376.48kcal,얼큰어묵국,65.98kcal,,,3046.60kcal
2024-10-11(금),쇠고기떡볶음,252.47kcal,생선가스&콘소스,345.58kcal,고추참치김치볶음,31.28kcal,,,3046.60kcal
2024-10-11(금),무생채,17.64kcal,치커리유자청무침,21.26kcal,데리야끼스테이크,450kcal,,,3046.60kcal
2024-10-11(금),배추김치,12kcal,깍두기,15.2kcal,열대과일샐러드,72.23kcal,,,3046.60kcal
2024-10-11(금),매일두유 초콜릿 190ml,250kcal,,,깍두기,15.2kcal,,,3046.60kcal
2024-10-12(토),버팔로봉,400kcal,소불고기볶음밥,464kcal,지코바치밥,692.3kcal,,,2851.50kcal
2024-10-12(토),에그샐러드&모닝빵,460.05kcal,우동국물,61.41kcal,유부된장국,34.19kcal,,,2851.50kcal
2024-10-12(토),우유,65kcal,분모자떡볶이,409.11kcal,치즈소시지구이,0kcal,,,2851.50kcal
2024-10-12(토),,,푸실리샐러드,28kcal,단무지무침,10.44kcal,,,2851.50kcal
2024-10-12(토),,,배추김치,12kcal,배추김치,12kcal,,,2851.50kcal
2024-10-12(토),,,카페라떼,168kcal,사과주스,35kcal,,,2851.50kcal
2024-10-13(일),밥,355kcal,돈육김치덮밥,635.41kcal,밥,355kcal,,,3098.26kcal
2024-10-13(일),사골곰탕,167.01kcal,팽이버섯두부국,54.98kcal,파송송계란국,59.72kcal,,,3098.26kcal
2024-10-13(일),고깃집맛소금구이,460kcal,토네이도핫도그,397kcal,마파두부,164.04kcal,,,3098.26kcal
2024-10-13(일),낙지젓,38.95kcal,황도샐러드,182.27kcal,옥수수맛탕,0kcal,,,3098.26kcal
2024-10-13(일),깍두기,15.2kcal,배추김치,12kcal,브로콜리깨소스무침,124.68kcal,,,3098.26kcal
2024-10-13(일),우유,65kcal,,,배추김치,12kcal,,,3098.26kcal
2024-10-13(일),,,,,짜먹는 발효유,,,,3098.26kcal
2024-10-14(월),밥,355kcal,흑미밥,373.75kcal,참치마요덮밥,697.06kcal,,,4038.75kcal
2024-10-14(월),김치찌개,104.8kcal,쇠고기육개장,105.71kcal,유부주머니탕,323.47kcal,,,4038.75kcal
2024-10-14(월),스팸구이,401.5kcal,순살닭다리살튀김,645kcal,치즈함박스테이크,460kcal,,,4038.75kcal
2024-10-14(월),계란말이,18kcal,가리비갈릭마요무침,213.1kcal,콘샐러드,175kcal,,,4038.75kcal
2024-10-14(월),김자반,35.36kcal,배추김치,12kcal,배추김치,12kcal,,,4038.75kcal
2024-10-14(월),총각김치,0kcal,요구르트,42kcal,,,,,4038.75kcal
2024-10-14(월),우유,65kcal,,,,,,,4038.75kcal
2024-10-15(화),밥,355kcal,밥,355kcal,전주비빔밥,499.86kcal,,,3328.78kcal
2024-10-15(화),김치수제비국,233.4kcal,쇠고기미역국,50.09kcal,유부된장국,34.19kcal,,,3328.78kcal
2024-10-15(화),돈육피망볶음,358.05kcal,애호박나물,58.83kcal,비엔나소시지케찹볶음,312.6kcal,,,3328.78kcal
2024-10-15(화),순두부양념장,44kcal,매운돼지갈비찜,565.76kcal,청포묵김가루무침,37.87kcal,,,3328.78kcal
2024-10-15(화),가공우유,282.5kcal,배추김치,12kcal,배추김치,12kcal,,,3328.78kcal
2024-10-15(화),총각김치,0kcal,사과,42.63kcal,청포도주스,75kcal,,,3328.78kcal
2024-10-16(수),또띠아치킨랩,800.58kcal,잡곡밥,387.65kcal,밥,355kcal,,,3812.67kcal
2024-10-16(수),알감자구이,707.45kcal,대구매운탕,34.68kcal,닭볶음탕,408.2kcal,,,3812.67kcal
2024-10-16(수),믹스베리샐러드,59.03kcal,두부김치,248.29kcal,부대찌개,185.63kcal,,,3812.67kcal
2024-10-16(수),에이드,115kcal,근대나물무침,10.64kcal,타코야끼,382.46kcal,,,3812.67kcal
2024-10-16(수),우유,65kcal,배추김치,12kcal,오이고추된장무침,25.86kcal,,,3812.67kcal
2024-10-16(수),,,바나나,,깍두기,15.2kcal,,,3812.67kcal
2024-10-17(목),밥,355kcal,자장면,609.1kcal,밥,355kcal,,,3254.73kcal
2024-10-17(목),꼬꼬떡국,270.76kcal,추가밥,213kcal,김치어묵국,57.64kcal,,,3254.73kcal
2024-10-17(목),소불고기,185.67kcal,짬뽕찌개,73.1kcal,매콤새송이버섯볶음,43.06kcal,,,3254.73kcal
2024-10-17(목),무말랭이무침,60kcal,멘보샤&칠리소스,272kcal,데리야끼스테이크,450kcal,,,3254.73kcal
2024-09-20(금),깍두기,15.2kcal,제주감귤주스,44kcal,배추김치,12kcal,,,2933.00kcal
2024-09-20(금),백색우유,65kcal,,,,,,,2933.00kcal
2024-09-21(토),고추크림치즈버거,784.93kcal,낙지볶음밥,385kcal,명란마요덮밥,628.36kcal,,,3298.01kcal
2024-09-21(토),테이터잼감자튀김,203kcal,김치국,22.88kcal,우동국물,61.41kcal,,,3298.01kcal
2024-09-21(토),백색우유,65kcal,스크램블에그,150.13kcal,스팸구이,509.5kcal,,,3298.01kcal
2024-09-21(토),,,믹스베리샐러드,59.03kcal,꼬들단무지무침,18.45kcal,,,3298.01kcal
2024-09-21(토),,,깍두기,15.2kcal,배추김치,12kcal,,,3298.01kcal
2024-09-21(토),,,사이다,350kcal,"포도,신선형)",33.12kcal,,,3298.01kcal
2024-09-22(일),밥,355kcal,돈육김치덮밥,635.39kcal,밥,355kcal,,,2831.85kcal
2024-09-22(일),물만둣국,284.56kcal,팽이버섯두부국,55.19kcal,사골설렁탕,184.56kcal,,,2831.85kcal
2024-09-22(일),소불고기,185.67kcal,데리야끼산적조림,307.23kcal,오징어숙회/초고추장,127.24kcal,,,2831.85kcal
2024-09-22(일),잡채어묵조림,152.11kcal,파인애플샐러드,72.08kcal,양파부추겉절이,10.42kcal,,,2831.85kcal
2024-09-22(일),배추김치,12kcal,깍두기,15.2kcal,깍두기,15.2kcal,,,2831.85kcal
2024-09-22(일),백색우유,65kcal,,,,,,,2831.85kcal
2024-09-23(월),밥,355kcal,전투식량,1300kcal,지코바치밥,733.24kcal,,,3966.07kcal
2024-09-23(월),매운버섯국,57.16kcal,,,쇠고기미역국,50.09kcal,,,3966.07kcal
2024-09-23(월),마파두부,164.02kcal,,,야채고로케,923kcal,,,3966.07kcal
2024-09-23(월),토마토달걀볶음,196.91kcal,,,감자조림,87.21kcal,,,3966.07kcal
2024-09-23(월),단무지무침,10.44kcal,,,배추김치,12kcal,,,3966.07kcal
2024-09-23(월),배추김치,12kcal,,,,,,,3966.07kcal
2024-09-23(월),백색우유,65kcal,,,,,,,3966.07kcal
2024-09-24(화),스팸김치덮밥,885.72kcal,흑미밥,373.75kcal,밥,355kcal,,,3825.45kcal
2024-09-24(화),쑥갓어묵국,66.07kcal,황태해장국,56.39kcal,부대찌개,178.63kcal,,,3825.45kcal
2024-09-24(화),멸치볶음,90.16kcal,훈제닭다리,675kcal,고구마치즈돈가스,773kcal,,,3825.45kcal
2024-09-24(화),김자반,35.36kcal,두부조림,90.1kcal,오이양파무침,14.43kcal,,,3825.45kcal
2024-09-24(화),가공우유,194kcal,근대나물무침,10.64kcal,총각김치,0kcal,,,3825.45kcal
2024-09-24(화),깍두기,15.2kcal,배추김치,12kcal,사과나무,,,,3825.45kcal
2024-09-25(수),잠봉뵈르샌드위치,639.11kcal,밥,355kcal,밥,355kcal,,,3755.62kcal
2024-09-25(수),단호박샐러드,78kcal,샤브샤브국,66.51kcal,갈비탕,1261.41kcal,,,3755.62kcal
2024-09-25(수),먼치킨도넛,79.8kcal,옥수수맛탕,0kcal,김치전,405kcal,,,3755.62kcal
2024-09-25(수),스프라이트,112kcal,블랙타이거새우구이,0kcal,모듬야채&쌈장,19.08kcal,,,3755.62kcal
2024-09-25(수),백색우유,65kcal,쫄면야채무침,242.51kcal,깍두기,15.2kcal,,,3755.62kcal
2024-09-25(수),,,배추김치,12kcal,,,,,3755.62kcal
2024-09-25(수),,,청포도에이드,50kcal,,,,,3755.62kcal
2024-09-26(목),밥,355kcal,전주비빔밥,475.28kcal,밥,355kcal,,,3080.16kcal
2024-09-26(목),쇠고기당면국,69.27kcal,배추된장국,75.04kcal,호박고추장찌개,41.02kcal,,,3080.16kcal
2024-09-26(목),닭고기데리야끼조림,285.66kcal,순대야채볶음,248.96kcal,바질크림떡볶이,449.79kcal,,,3080.16kcal
2024-09-26(목),숙주나물무침,13.97kcal,도토리묵무침,56.67kcal,치즈롤까스,545kcal,,,3080.16kcal
2024-09-26(목),가공우유,82.5kcal,파인애플스틱,3kcal,배추김치,12kcal,,,3080.16kcal
2024-09-26(목),배추김치,12kcal,총각김치,0kcal,,,,,3080.16kcal
2024-09-27(금),오므라이스,1034.18kcal,잡곡밥,387.65kcal,밥,355kcal,,,3686.68kcal
2024-09-27(금),유부된장국,34.29kcal,청국장찌개,104.02kcal,얼큰콩나물국,28.35kcal,,,3686.68kcal
2024-09-27(금),치즈소시지구이,0kcal,돈육고추장볶음,312.69kcal,김말이튀김강정,271.36kcal,,,3686.68kcal
2024-09-27(금),꽃맛살메추리알샐러드,250.93kcal,아귀살깐풍,334.03kcal,닭고기단호박조림,417.64kcal,,,3686.68kcal
2024-09-27(금),배추김치,12kcal,깻잎순무침,25.45kcal,미나리초무침,13.29kcal,,,3686.68kcal
2024-09-27(금),백색우유,65kcal,깍두기,15.2kcal,배추김치,12kcal,,,3686.68kcal
2024-09-27(금),,,,,대추방울토마토,13.6kcal,,,3686.68kcal
2024-09-28(토),모닝빵&크로와상,602.1kcal,대게&랍스타볶음밥,442kcal,밥,355kcal,,,2916.03kcal
2024-09-28(토),버팔로봉,400kcal,다시마무국,20.38kcal,나가사끼짬뽕찌개,140.49kcal,,,2916.03kcal
2024-09-28(토),백색우유,65kcal,스크램블에그,150.13kcal,돈육김치찜,156.99kcal,,,2916.03kcal
2024-09-28(토),,,불고기분짜,115.09kcal,미니전병,305.65kcal,,,2916.03kcal
2024-09-28(토),,,배추김치,12kcal,깍두기,15.2kcal,,,2916.03kcal
2024-09-28(토),,,써니텐파인애플향,136kcal,,,,,2916.03kcal
2024-09-29(일),밥,355kcal,데리야끼삼겹살덮밥,1095.75kcal,밥,355kcal,,,3593.68kcal
2024-09-29(일),꼬꼬떡국,302.96kcal,호박고추장찌개,41.02kcal,돼지국밥,376.48kcal,,,3593.68kcal
2024-09-29(일),소불고기버섯볶음,229.12kcal,소떡소떡,184.1kcal,미트볼케찹조림,232.56kcal,,,3593.68kcal
2024-09-29(일),동그랑땡&케첩,285.5kcal,꼬들단무지무침,18.45kcal,오이부추무침,13.54kcal,,,3593.68kcal
2024-09-29(일),배추김치,12kcal,배추김치,12kcal,깍두기,15.2kcal,,,3593.68kcal
2024-09-29(일),백색우유,65kcal,바나나,,,,,,3593.68kcal
2024-09-30(월),밥,355kcal,쇠고기콩나물밥양념간장,419.43kcal,밥,355kcal,,,3318.83kcal
2024-09-30(월),사골우거지국,186.44kcal,오징어무국,73.45kcal,김치찌개,104.8kcal,,,3318.83kcal
2024-09-30(월),두부김치,248.29kcal,매콤새송이버섯볶음,43.02kcal,마늘안심닭강정,438.74kcal,,,3318.83kcal
2024-09-30(월),오이고추된장무침,25.86kcal,갈치순살튀김,391.6kcal,알감자구이,272.85kcal,,,3318.83kcal
2024-09-30(월),깍두기,15.2kcal,브로콜리깨소스무침,124.68kcal,황도샐러드,97.27kcal,,,3318.83kcal
2024-09-30(월),백색우유,65kcal,배추김치,12kcal,깍두기,15.2kcal,,,3318.83kcal
2024-09-30(월),,,,,청포도주스,75kcal,,,3318.83kcal
2024-10-01(화),밥,355kcal,흑미밥,373.75kcal,밥,355kcal,,,3563.91kcal
2024-10-01(화),닭곰탕,163.46kcal,샤브샤브국,68.71kcal,얼큰순댓국,305kcal,,,3563.91kcal
2024-10-01(화),떡갈비조림,279.62kcal,오삼불고기,561.12kcal,목화솜탕수육,664.91kcal,,,3563.91kcal
2024-10-01(화),오징어젓무침,41.26kcal,햄구이,244.5kcal,모듬야채&쌈장,19.08kcal,,,3563.91kcal
2024-10-01(화),가공우유,82.5kcal,배추김치,12kcal,석박지,22.8kcal,,,3563.91kcal
2024-10-01(화),깍두기,15.2kcal,,,,,,,3563.91kcal
2024-10-02(수),한우불고기버거,371.68kcal,꼬막비빔밥,397.26kcal,밥,355kcal,,,3693.19kcal
2024-10-02(수),케이준감자튀김,371.3kcal,쑥갓어묵국,65.86kcal,배추된장국,75.53kcal,,,3693.19kcal
2024-10-02(수),야채샐러드,93.71kcal,어니언치킨까스,604.83kcal,잡채,235.15kcal,,,3693.19kcal
2024-10-02(수),우유,65kcal,과일샐러드,94.63kcal,매운족발볶음,415.52kcal,,,3693.19kcal
2024-10-02(수),마시는 발효유,70.6kcal,배추김치,12kcal,고구마조림,194.92kcal,,,3693.19kcal
2024-10-02(수),,,"아이스크림, 팩형",255kcal,깍두기,15.2kcal,,,3693.19kcal
2024-10-03(목),밥,355kcal,검은콩밥,388.04kcal,밥,355kcal,,,3559.73kcal
2024-10-03(목),황태채미역국,23.23kcal,쇠고기육개장,105.71kcal,삼색수제비국,234.92kcal,,,3559.73kcal
2024-10-03(목),돈육고추장볶음,312.74kcal,감자채피망볶음,73.61kcal,야채고로케,443kcal,,,3559.73kcal
2024-10-03(목),연두부양념장,63.77kcal,깐쇼새우,443.41kcal,묵은지닭고기조림,354.31kcal,,,3559.73kcal
2024-10-03(목),가공우유,282.5kcal,배추김치,12kcal,미나리초무침,13.29kcal,,,3559.73kcal
2024-10-03(목),배추김치,12kcal,,,깍두기,15.2kcal,,,3559.73kcal
2024-10-03(목),,,,,멜론,72kcal,,,3559.73kcal
2024-10-04(금),밥,355kcal,잡곡밥,387.65kcal,스팸마요덮밥,843.21kcal,,,3261.16kcal
2024-09-07(토),백색우유,65kcal,크림슈,72kcal,연두부양념장,63.77kcal,,,2344.08kcal
2024-09-07(토),,,깍두기,15.2kcal,총각김치,0kcal,,,2344.08kcal
2024-09-07(토),,,사이다,350kcal,사과주스,,,,2344.08kcal
2024-09-08(일),밥,355kcal,밥,355kcal,밥,355kcal,,,3678.58kcal
2024-09-08(일),감자짜글이,179.71kcal,한우고기곰탕,1.41kcal,쑥갓어묵국,66.07kcal,,,3678.58kcal
2024-09-08(일),고깃집맛소금구이,460kcal,돼지고기김치볶음,276.96kcal,매운족발볶음,415.76kcal,,,3678.58kcal
2024-09-08(일),양념깻잎지무침,120kcal,베이컨스크램블에그,176.73kcal,너비아니구이,622.74kcal,,,3678.58kcal
2024-09-08(일),배추김치,12kcal,깍두기,15.2kcal,배추김치,12kcal,,,3678.58kcal
2024-09-08(일),백색우유,65kcal,식혜,190kcal,,,,,3678.58kcal
2024-09-09(월),밥,355kcal,잡곡밥,387.65kcal,스팸마요덮밥,951.21kcal,,,3803.96kcal
2024-09-09(월),삼색수제비국,234.92kcal,우렁된장찌개,86.72kcal,홍합탕,25.56kcal,,,3803.96kcal
2024-09-09(월),닭고기데리야끼조림,285.66kcal,잡채,200.06kcal,모짜렐라치즈핫도그,147.8kcal,,,3803.96kcal
2024-09-09(월),순두부양념장,44kcal,오삼불고기,654.67kcal,단무지무침,10.44kcal,,,3803.96kcal
2024-09-09(월),배추김치,12kcal,무생채,18.27kcal,배추김치,12kcal,,,3803.96kcal
2024-09-09(월),백색우유,65kcal,배추김치,12kcal,써니텐파인애플향,136kcal,,,3803.96kcal
2024-09-09(월),,,토핑형 발효유,165kcal,,,,,3803.96kcal
2024-09-10(화),밥,355kcal,떡갈비비빔밥,768.98kcal,김가루밥,364.19kcal,,,3849.41kcal
2024-09-10(화),유부주머니탕,323.39kcal,다시마무국,20.38kcal,황태채미역국,23.23kcal,,,3849.41kcal
2024-09-10(화),돈육피망볶음,358.03kcal,누들떡볶이,304.48kcal,무뼈닭발,251.9kcal,,,3849.41kcal
2024-09-10(화),미나리초무침,13.29kcal,에그타르트,250kcal,계란찜,117.67kcal,,,3849.41kcal
2024-09-10(화),가공우유,282.5kcal,배추김치,12kcal,콩나물무침,30.37kcal,,,3849.41kcal
2024-09-10(화),배추김치,12kcal,,,배추김치,12kcal,,,3849.41kcal
2024-09-10(화),,,,,사이다,350kcal,,,3849.41kcal
2024-09-11(수),와플&초코잼,108.6kcal,잡곡밥,387.65kcal,밥,355kcal,,,3097.66kcal
2024-09-11(수),햄치즈샌드위치,715.52kcal,쇠고기육개장,102.32kcal,참치김치찌개,122.65kcal,,,3097.66kcal
2024-09-11(수),야채샐러드,93.71kcal,어묵야채볶음,78.4kcal,불닭팽이버섯,34.55kcal,,,3097.66kcal
2024-09-11(수),백색우유,65kcal,돼지간장불고기,241.98kcal,뿌링클치킨,635kcal,,,3097.66kcal
2024-09-11(수),콜라,117.5kcal,가지무침,14.88kcal,치킨무,12.9kcal,,,3097.66kcal
2024-09-11(수),,,배추김치,12kcal,총각김치,0kcal,,,3097.66kcal
2024-09-12(목),밥,355kcal,추가밥,213kcal,밥,355kcal,,,3496.43kcal
2024-09-12(목),황태해장국,56.39kcal,망향식물비빔국수,477.46kcal,배추된장국,75.04kcal,,,3496.43kcal
2024-09-12(목),비엔나소시지케찹볶음,312.6kcal,잎새만두찜,9.09kcal,삼겹살새송이버섯구이,738.26kcal,,,3496.43kcal
2024-09-12(목),돈육고추장볶음,312.69kcal,멕시칸샐러드,237.5kcal,상추쌈,10.53kcal,,,3496.43kcal
2024-09-12(목),가공우유,194kcal,백김치,6kcal,쌈무,25kcal,,,3496.43kcal
2024-09-12(목),배추김치,12kcal,사인머스켓,45kcal,깍두기,15.2kcal,,,3496.43kcal
2024-09-12(목),,,,,오렌지주스,46.67kcal,,,3496.43kcal
2024-09-13(금),장조림버터밥,768.15kcal,밥,355kcal,밥,355kcal,,,2945.76kcal
2024-09-13(금),얼큰쇠고기무국,62.99kcal,묵은지김치찌개,94.8kcal,닭볶음탕,408.2kcal,,,2945.76kcal
2024-09-13(금),맛김,5.25kcal,장어강정,108.1kcal,쇠고기미역국,50.09kcal,,,2945.76kcal
2024-09-13(금),오징어젓무침,41.53kcal,청경채찜,31.12kcal,동그랑땡&케첩,285.5kcal,,,2945.76kcal
2024-09-13(금),배추김치,12kcal,청포묵김가루무침,37.87kcal,배추김치,12kcal,,,2945.76kcal
2024-09-13(금),달콤한베지밀비,63.16kcal,총각김치,0kcal,,,,,2945.76kcal
2024-09-13(금),,,"아이스크림, 팩형",255kcal,,,,,2945.76kcal
2024-09-14(토),불고기베이컨치즈버거,746.05kcal,투움바파스타,612.61kcal,차슈덮밥,862.02kcal,,,4286.84kcal
2024-09-14(토),뿌링클웨지감자,499kcal,쇠고기스프,63kcal,파송송계란국,59.72kcal,,,4286.84kcal
2024-09-14(토),백색우유,65kcal,닭꼬치,123.2kcal,야채고로케,923kcal,,,4286.84kcal
2024-09-14(토),,,만다린샐러드,64.82kcal,열무된장무침,21.3kcal,,,4286.84kcal
2024-09-14(토),,,오이피클,70kcal,배추김치,12kcal,,,4286.84kcal
2024-09-14(토),,,써니텐오렌지향,132kcal,"포도,신선형)",33.12kcal,,,4286.84kcal
2024-09-15(일),밥,355kcal,밥,355kcal,흑미밥,373.75kcal,,,2523.04kcal
2024-09-15(일),사골곰탕,30.81kcal,순두부찌개,133.63kcal,얼큰어묵국,66.19kcal,,,2523.04kcal
2024-09-15(일),매콤계란조림,151.1kcal,돼지고기콩나물볶음,298.04kcal,감자채피망볶음,73.61kcal,,,2523.04kcal
2024-09-15(일),오이양파장아찌,15.3kcal,양배추쌈&저염쌈장,34.41kcal,치즈함박스테이크,460kcal,,,2523.04kcal
2024-09-15(일),깍두기,15.2kcal,배추김치,12kcal,배추김치,12kcal,,,2523.04kcal
2024-09-15(일),백색우유,65kcal,멜론,72kcal,,,,,2523.04kcal
2024-09-16(월),밥,355kcal,잡곡밥,387.65kcal,밥,355kcal,,,3064.91kcal
2024-09-16(월),키조개미역국,20.1kcal,배추된장국,75.04kcal,쇠고기육개장,102.32kcal,,,3064.91kcal
2024-09-16(월),고추참치김치볶음,61.78kcal,비엔나소시지야채볶음,369.54kcal,닭다리튀김,537kcal,,,3064.91kcal
2024-09-16(월),쇠고기떡볶음,254.17kcal,슈바인학센순살,289.6kcal,꽈리고추메추리알장조림,12.65kcal,,,3064.91kcal
2024-09-16(월),깍두기,15.2kcal,김자반,35.36kcal,배추김치,12kcal,,,3064.91kcal
2024-09-16(월),백색우유,65kcal,총각김치,0kcal,콜라,117.5kcal,,,3064.91kcal
2024-09-17(화),밥,355kcal,잡곡밥,387.65kcal,베이컨김치볶음밥,604.51kcal,,,3599.61kcal
2024-09-17(화),새우순두부계란탕,96.77kcal,쇠고기무국,54.4kcal,유부된장국,34.29kcal,,,3599.61kcal
2024-09-17(화),돈육고추장볶음,312.69kcal,애호박나물,58.83kcal,바베큐치킨스테이크,400kcal,,,3599.61kcal
2024-09-17(화),햄슬라이스야채볶음,135.41kcal,매운돼지갈비찜,565.76kcal,무&비트피클,18kcal,,,3599.61kcal
2024-09-17(화),가공우유,82.5kcal,동태전,228.05kcal,깍두기,15.2kcal,,,3599.61kcal
2024-09-17(화),배추김치,12kcal,송편,0kcal,,,,,3599.61kcal
2024-09-17(화),,,보쌈김치,48.55kcal,,,,,3599.61kcal
2024-09-17(화),,,식혜,190kcal,,,,,3599.61kcal
2024-09-18(수),또띠아치킨랩,734.78kcal,카레밥,513.4kcal,밥,355kcal,,,3466.68kcal
2024-09-18(수),프로틴바,0kcal,매운버섯국,57.16kcal,순댓국,407.14kcal,,,3466.68kcal
2024-09-18(수),구운계란,0kcal,지파이,450kcal,코코넛새우튀김,458kcal,,,3466.68kcal
2024-09-18(수),백색우유,65kcal,콘샐러드,105kcal,양념고추지,37.2kcal,,,3466.68kcal
2024-09-18(수),카페라떼,168kcal,배추김치,12kcal,깍두기,15.2kcal,,,3466.68kcal
2024-09-18(수),,,이온음료,88.8kcal,,,,,3466.68kcal
2024-09-19(목),밥,355kcal,추가밥,213kcal,불닭덮밥,622.09kcal,,,3566.29kcal
2024-09-19(목),쇠고기장터국,46.24kcal,자장면,609.1kcal,콩나물국,27.72kcal,,,3566.29kcal
2024-09-19(목),떡갈비조림,288.53kcal,짬뽕찌개,77.38kcal,토네이도핫도그,397kcal,,,3566.29kcal
2024-09-19(목),오징어젓무침,41.53kcal,찹쌀꿔바로우,533.54kcal,쪽파락교무침,29.46kcal,,,3566.29kcal
2024-09-19(목),가공우유,282.5kcal,단무지,7.2kcal,배추김치,12kcal,,,3566.29kcal
2024-09-19(목),배추김치,12kcal,배추김치,12kcal,바나나,,,,3566.29kcal
2024-09-20(금),밥,355kcal,흑미밥,373.75kcal,밥,355kcal,,,2933.00kcal
2024-09-20(금),김치수제비국,236.43kcal,명태매운탕,114.24kcal,호박된장찌개,95.04kcal,,,2933.00kcal
2024-09-20(금),훈제오리파프리카볶음,339.63kcal,잡채,200.06kcal,돼지고기깻잎볶음,279.55kcal,,,2933.00kcal
2024-09-20(금),맛김,5.25kcal,묵은지닭고기조림,354.26kcal,상추쌈,10.53kcal,,,2933.00kcal
2024-09-20(금),연근땅콩조림,35.81kcal,파김치,20.25kcal,명이나물절임,22kcal,,,2933.00kcal
2024-08-25(일),두부김치,219.56kcal,돼지간장불고기,241.08kcal,크림청양함박스테이크,775.89kcal,,,3853.53kcal
2024-08-25(일),스크램블에그,145.13kcal,계란찜,116.72kcal,단호박샐러드,106.8kcal,,,3853.53kcal
2024-08-25(일),깍두기,0kcal,열무된장무침,21.3kcal,깍두기,0kcal,,,3853.53kcal
2024-08-25(일),백색우유,65kcal,배추김치,15.2kcal,청포도주스,75kcal,,,3853.53kcal
2024-08-26(월),밥,355kcal,흑미밥,373.75kcal,밥,355kcal,,,3010.07kcal
2024-08-26(월),콩나물김치국,27.53kcal,닭개장,237.09kcal,샤브샤브국,66.51kcal,,,3010.07kcal
2024-08-26(월),감자채피망볶음,68.66kcal,순살삼치구이,202.5kcal,치즈롤까스,525kcal,,,3010.07kcal
2024-08-26(월),쇠고기떡볶음,249.27kcal,연두부양념장,359.37kcal,열대과일샐러드,66.94kcal,,,3010.07kcal
2024-08-26(월),맛김,5.25kcal,깍두기,0kcal,배추김치,15.2kcal,,,3010.07kcal
2024-08-26(월),총각김치,0kcal,참외,38kcal,,,,,3010.07kcal
2024-08-26(월),백색우유,65kcal,,,,,,,3010.07kcal
2024-08-27(화),밥,355kcal,추가밥,213kcal,잡곡밥,387.65kcal,,,2853.88kcal
2024-08-27(화),삼색수제비국,230.38kcal,잠봉햄스파게티,472.97kcal,키조개미역국,20.1kcal,,,2853.88kcal
2024-08-27(화),언양식바싹불고기파채,364.76kcal,피자,0kcal,춘천닭갈비,92.86kcal,,,2853.88kcal
2024-08-27(화),매콤계란조림,151.1kcal,오이피클,70kcal,오이고추된장무침,25.96kcal,,,2853.88kcal
2024-08-27(화),가공우유,194kcal,마늘빵,94.5kcal,배추김치,15.2kcal,,,2853.88kcal
2024-08-27(화),배추김치,15.2kcal,배추김치,15.2kcal,,,,,2853.88kcal
2024-08-27(화),,,써니텐파인애플향 250ml,136kcal,,,,,2853.88kcal
2024-08-28(수),핫치킨버거,1010.76kcal,검은콩밥,788.04kcal,밥,355kcal,,,4815.45kcal
2024-08-28(수),뿌링클웨지감자,477kcal,우렁된장찌개,87.14kcal,쇠고기육개장,105.96kcal,,,4815.45kcal
2024-08-28(수),프로틴바,0kcal,삼겹살새송이버섯구이,734.66kcal,궁중떡볶이,417.98kcal,,,4815.45kcal
2024-08-28(수),사이다,350kcal,상추쌈,10.53kcal,오징어튀김,319.26kcal,,,4815.45kcal
2024-08-28(수),백색우유,65kcal,콩나물무침,30.37kcal,배추김치,15.2kcal,,,4815.45kcal
2024-08-28(수),,,보쌈김치,48.55kcal,초코과자,,,,4815.45kcal
2024-08-29(목),밥,355kcal,밥,355kcal,밥,355kcal,,,3474.53kcal
2024-08-29(목),쇠고기감자국,69.67kcal,게맛살계란국,122.23kcal,쑥갓어묵국,65.91kcal,,,3474.53kcal
2024-08-29(목),돼지고기콩나물볶음,217.34kcal,마파두부,163.52kcal,묵은지등갈비찜,385.67kcal,,,3474.53kcal
2024-08-29(목),고깃집맛소금구이,440kcal,깐풍기,448.78kcal,동태전,268.95kcal,,,3474.53kcal
2024-08-29(목),가공우유,82.5kcal,단무지,7.2kcal,김자반,35.36kcal,,,3474.53kcal
2024-08-29(목),배추김치,15.2kcal,배추김치,15.2kcal,깍두기,0kcal,,,3474.53kcal
2024-08-29(목),,,멜론,72kcal,,,,,3474.53kcal
2024-08-30(금),밥,355kcal,잡곡밥,387.65kcal,데리야끼삼겹살덮밥,1091.61kcal,,,3674.48kcal
2024-08-30(금),사골설렁탕,184.56kcal,청국장찌개,104.52kcal,미역오이냉국,15.96kcal,,,3674.48kcal
2024-08-30(금),멸치볶음,85.16kcal,순살고등어구이,273.33kcal,갈비만두찜,110.18kcal,,,3674.48kcal
2024-08-30(금),비엔나소시지야채볶음,367.92kcal,냉채족발,465.65kcal,만다린샐러드,82.54kcal,,,3674.48kcal
2024-08-30(금),깍두기,0kcal,양념깻잎지무침,120kcal,배추김치,15.2kcal,,,3674.48kcal
2024-08-30(금),삼육두유,,배추김치,15.2kcal,,,,,3674.48kcal
2024-08-30(금),,,사과주스,,,,,,3674.48kcal
2024-08-31(토),카츠샌드위치,1177.16kcal,통새우볶음밥,535kcal,제육덮밥,372.42kcal,,,3444.61kcal
2024-08-31(토),바베큐폭립,150kcal,김치국,22.78kcal,얼큰쇠고기무국,66.48kcal,,,3444.61kcal
2024-08-31(토),백색우유,65kcal,크림슈,72kcal,고구마치즈돈가스,743kcal,,,3444.61kcal
2024-08-31(토),,,믹스베리샐러드,59.45kcal,미나리초무침,13.32kcal,,,3444.61kcal
2024-08-31(토),,,깍두기,0kcal,배추김치,15.2kcal,,,3444.61kcal
2024-08-31(토),,,써니텐오렌지향 250ml,132kcal,자두,20.8kcal,,,3444.61kcal
,,,,,,,,,3444.61kcal
2024-09-01(일),밥,355kcal,밥,355kcal,참치마요덮밥,697.06kcal,,,2990.52kcal
2024-09-01(일),쇠고기미역국,50.09kcal,얼큰콩나물국,28.35kcal,유부된장국,34.29kcal,,,2990.52kcal
2024-09-01(일),애호박나물,58.83kcal,햄슬라이스야채볶음,135.41kcal,떡갈비조림,288.53kcal,,,2990.52kcal
2024-09-01(일),계란찜,117.67kcal,닭갈비,304.56kcal,꼬들단무지무침,18.45kcal,,,2990.52kcal
2024-09-01(일),돈육장조림,305.5kcal,쌈무무침,25.78kcal,배추김치,12kcal,,,2990.52kcal
2024-09-01(일),배추김치,12kcal,배추김치,12kcal,에이드,115kcal,,,2990.52kcal
2024-09-01(일),백색우유,65kcal,,,,,,,2990.52kcal
2024-09-02(월),밥,355kcal,검은콩밥,788.04kcal,밥,355kcal,,,3840.32kcal
2024-09-02(월),사골떡만둣국,504.79kcal,김치어묵국,57.64kcal,돼지국밥,376.48kcal,,,3840.32kcal
2024-09-02(월),오징어숙회/초고추장,127.24kcal,순살고등어구이,271.88kcal,고구마조림,252.19kcal,,,3840.32kcal
2024-09-02(월),무말랭이무침,60kcal,분모자로제찜닭,504.03kcal,양파부추겉절이,10.42kcal,,,3840.32kcal
2024-09-02(월),배추김치,12kcal,연근땅콩조림,35.81kcal,석박지,22.8kcal,,,3840.32kcal
2024-09-02(월),백색우유,65kcal,총각김치,0kcal,,,,,3840.32kcal
2024-09-02(월),,,요구르트,42kcal,,,,,3840.32kcal
2024-09-03(화),밥,355kcal,김치치즈주먹밥,0kcal,잡곡밥,387.65kcal,,,3926.41kcal
2024-09-03(화),얼큰쇠고기무국,62.99kcal,메밀비빔국수,893.02kcal,호박된장찌개,95.04kcal,,,3926.41kcal
2024-09-03(화),함박스테이크,663kcal,우동국물,61.41kcal,닭고기숙주볶음,434.6kcal,,,3926.41kcal
2024-09-03(화),콩나물무침,30.37kcal,연탄불고기,164kcal,비엔나소시지케찹볶음,312.6kcal,,,3926.41kcal
2024-09-03(화),가공우유,282.5kcal,열대과일샐러드,56.23kcal,배추김치,12kcal,,,3926.41kcal
2024-09-03(화),배추김치,12kcal,깍두기,15.2kcal,이온음료,88.8kcal,,,3926.41kcal
2024-09-04(수),에그샐러드&모닝빵,462.45kcal,잡곡밥,387.65kcal,밥,355kcal,,,3108.53kcal
2024-09-04(수),프로틴바,0kcal,감자탕,457.62kcal,순두부찌개,133.63kcal,,,3108.53kcal
2024-09-04(수),훈제닭가슴살,0kcal,잡채,200.06kcal,치즈롤까스,545kcal,,,3108.53kcal
2024-09-04(수),백색우유,65kcal,청포묵김가루무침,37.87kcal,견과류단호박찜,209.05kcal,,,3108.53kcal
2024-09-04(수),떠먹는 발효유,100kcal,깍두기,15.2kcal,총각김치,0kcal,,,3108.53kcal
2024-09-04(수),,,에너지음료,140kcal,,,,,3108.53kcal
2024-09-05(목),밥,355kcal,짬뽕찌개,77.38kcal,흑미밥,373.75kcal,,,3367.17kcal
2024-09-05(목),돼지고기고추장찌개,106.38kcal,치킨마크니커리,662.76kcal,배추된장국,75.04kcal,,,3367.17kcal
2024-09-05(목),멸치볶음,90.16kcal,통살새우볼,398.9kcal,돼지고기깻잎볶음,279.55kcal,,,3367.17kcal
2024-09-05(목),소불고기버섯볶음,229.12kcal,황도샐러드,97.27kcal,가쓰오계란말이,135.46kcal,,,3367.17kcal
2024-09-05(목),가공우유,194kcal,깍두기,15.2kcal,깍두기,15.2kcal,,,3367.17kcal
2024-09-05(목),배추김치,12kcal,"아이스크림,튜브형",250kcal,바나나,,,,3367.17kcal
2024-09-06(금),밥,355kcal,밥,355kcal,밥,355kcal,,,3288.92kcal
2024-09-06(금),사골우거지국,186.44kcal,사골설렁탕,184.56kcal,오징어무국,73.45kcal,,,3288.92kcal
2024-09-06(금),맛김,5.25kcal,김치전,405kcal,청양마요치킨,709.71kcal,,,3288.92kcal
2024-09-06(금),미트볼케찹조림,232.56kcal,상추겉절이,18.82kcal,짜장소스,99kcal,,,3288.92kcal
2024-09-06(금),오징어젓무침,41.53kcal,석박지,22.8kcal,배추김치,12kcal,,,3288.92kcal
2024-09-06(금),가공우유,82.5kcal,대추방울토마토,13.6kcal,단무지,7.2kcal,,,3288.92kcal
2024-09-06(금),배추김치,12kcal,,,콜라,117.5kcal,,,3288.92kcal
2024-09-07(토),구운계란,0kcal,통새우볶음밥,540kcal,밥,355kcal,,,2344.08kcal
2024-09-07(토),야채샐러드,93.71kcal,콩나물김치국,27.63kcal,쇠고기감자국,66.67kcal,,,2344.08kcal
2024-09-07(토),크로크무슈,129kcal,분모자떡볶이,409.11kcal,돈육김치찜,156.99kcal,,,2344.08kcal
2024-08-11(일),백색우유,65kcal,써니텐오렌지향 250ml,132kcal,,,,,3314.50kcal
2024-08-12(월),밥,355kcal,흑미밥,373.75kcal,밥,355kcal,,,3354.95kcal
2024-08-12(월),쇠고기장터국,46.24kcal,쇠고기무국,57.09kcal,돼지고기고추장찌개,106.92kcal,,,3354.95kcal
2024-08-12(월),돈육장조림,189kcal,매운돼지갈비찜,606.41kcal,훈제오리파프리카볶음,339.77kcal,,,3354.95kcal
2024-08-12(월),계란말이,48kcal,해물파전,555kcal,콩나물무침,30.37kcal,,,3354.95kcal
2024-08-12(월),깍두기,0kcal,오이소박이,22.2kcal,배추김치,15.2kcal,,,3354.95kcal
2024-08-12(월),백색우유,65kcal,식혜,190kcal,,,,,3354.95kcal
2024-08-13(화),밥,355kcal,얼큰콩나물국,28.35kcal,밥,355kcal,,,4276.18kcal
2024-08-13(화),사골떡만둣국,404.03kcal,분모자떡볶이,409.21kcal,쇠고기육개장,105.96kcal,,,4276.18kcal
2024-08-13(화),두부조림,90.3kcal,가츠동,1121.46kcal,뿌링클치킨,630.5kcal,,,4276.18kcal
2024-08-13(화),쪽파락교무침,29.46kcal,단무지무침,10.44kcal,연두부양념장,359.37kcal,,,4276.18kcal
2024-08-13(화),가공우유,282.5kcal,배추김치,15.2kcal,오이소박이,22.2kcal,,,4276.18kcal
2024-08-13(화),배추김치,15.2kcal,,,요구르트,42kcal,,,4276.18kcal
2024-08-14(수),해시브라운버거,879.3kcal,밥,355kcal,밥,355kcal,,,3664.89kcal
2024-08-14(수),먼치킨도넛,79.8kcal,누룽지삼계탕,503.88kcal,김치찌개,104.8kcal,,,3664.89kcal
2024-08-14(수),믹스베리샐러드,59.45kcal,오징어젓무침,41.22kcal,너비아니구이,602.74kcal,,,3664.89kcal
2024-08-14(수),백색우유,65kcal,모듬야채&쌈장,19.28kcal,계란찜,116.72kcal,,,3664.89kcal
2024-08-14(수),콜라,117.5kcal,배추김치,15.2kcal,총각김치,0kcal,,,3664.89kcal
2024-08-14(수),,,팥빙수,350kcal,,,,,3664.89kcal
2024-08-15(목),밥,355kcal,밥,355kcal,밥,355kcal,,,3200.25kcal
2024-08-15(목),돼지국밥,376.48kcal,부대찌개,187.66kcal,쇠고기미역국,53.09kcal,,,3200.25kcal
2024-08-15(목),어묵야채볶음,78.5kcal,오징어볶음,222.32kcal,잡채,190.15kcal,,,3200.25kcal
2024-08-15(목),꽈리고추메추리알장조림,12.65kcal,알감자구이,242.85kcal,돼지고기김치볶음,235.96kcal,,,3200.25kcal
2024-08-15(목),가공우유,194kcal,"빵,케이크",99.4kcal,고구마조림,242.19kcal,,,3200.25kcal
2024-08-15(목),깍두기,0kcal,깍두기,0kcal,깍두기,0kcal,,,3200.25kcal
2024-08-16(금),밥,355kcal,차슈덮밥,892.11kcal,밥,355kcal,,,3924.80kcal
2024-08-16(금),유부주머니탕,323.39kcal,순두부찌개,144.98kcal,오징어무국,73.28kcal,,,3924.80kcal
2024-08-16(금),동그랑땡&케첩,275.5kcal,토네이도핫도그,397kcal,소불고기버섯볶음,233.77kcal,,,3924.80kcal
2024-08-16(금),닭고기데리야끼조림,299.46kcal,무말랭이무침,60kcal,김말이튀김강정,241.36kcal,,,3924.80kcal
2024-08-16(금),배추김치,15.2kcal,배추김치,15.2kcal,무나물,60.35kcal,,,3924.80kcal
2024-08-16(금),두유달콤한맛,130kcal,참외,38kcal,배추김치,15.2kcal,,,3924.80kcal
2024-08-17(토),모닝빵&크로와상,527.9kcal,김가루밥,364.19kcal,밥,355kcal,,,2736.41kcal
2024-08-17(토),훈제닭가슴살,0kcal,우동국물,61.41kcal,한우고기곰탕,1.41kcal,,,2736.41kcal
2024-08-17(토),야채샐러드,93.71kcal,물만두,267.28kcal,떡갈비조림,285.7kcal,,,2736.41kcal
2024-08-17(토),백색우유,65kcal,골뱅이소면무침,335.08kcal,오이양파무침,14.53kcal,,,2736.41kcal
2024-08-17(토),,,배추김치,15.2kcal,깍두기,0kcal,,,2736.41kcal
2024-08-17(토),,,사이다,350kcal,짜먹는 발효유,,,,2736.41kcal
2024-08-18(일),밥,355kcal,흑미밥,373.75kcal,밥,355kcal,,,2854.45kcal
2024-08-18(일),감자짜글이,213.86kcal,황태해장국,56.28kcal,김치어묵국,57.64kcal,,,2854.45kcal
2024-08-18(일),미트볼케찹조림,232.66kcal,애호박나물,55.86kcal,우삼겹숙주찜/칠리소스,308.56kcal,,,2854.45kcal
2024-08-18(일),양념깻잎지무침,120kcal,분모자로제찜닭,504.23kcal,감자조림,82.21kcal,,,2854.45kcal
2024-08-18(일),배추김치,15.2kcal,배추김치,15.2kcal,깍두기,0kcal,,,2854.45kcal
2024-08-18(일),백색우유,65kcal,,,"웅진식품,가야농장 제주감귤,340ml",44kcal,,,2854.45kcal
2024-08-19(월),밥,355kcal,잡곡밥,387.65kcal,밥,355kcal,,,3155.60kcal
2024-08-19(월),닭곰탕,179.29kcal,명태매운탕,114.08kcal,참치김치찌개,121.65kcal,,,3155.60kcal
2024-08-19(월),비엔나소시지케찹볶음,307.8kcal,마늘안심닭강정,408.74kcal,소불고기,195.32kcal,,,3155.60kcal
2024-08-19(월),오징어젓무침,41.22kcal,쌈무무침,25.78kcal,유린기,413.5kcal,,,3155.60kcal
2024-08-19(월),깍두기,0kcal,배추김치,15.2kcal,콩나물무침,30.37kcal,,,3155.60kcal
2024-08-19(월),백색우유,65kcal,에너지음료,140kcal,깍두기,0kcal,,,3155.60kcal
2024-08-20(화),밥,355kcal,열무비빔밥,477.87kcal,밥,355kcal,,,3668.84kcal
2024-08-20(화),쇠고기미역국,53.09kcal,도토리묵냉국,72.62kcal,새우순두부계란탕,104.67kcal,,,3668.84kcal
2024-08-20(화),스팸구이,499.5kcal,야채튀김,224.9kcal,야채고로케,903kcal,,,3668.84kcal
2024-08-20(화),연근땅콩조림,35.81kcal,청포묵김가루무침,37.87kcal,돈육김치찜,157.09kcal,,,3668.84kcal
2024-08-20(화),스크램블에그,145.13kcal,배추김치,15.2kcal,오이부추무침,13.59kcal,,,3668.84kcal
2024-08-20(화),가공우유,82.5kcal,자두,20.8kcal,깍두기,0kcal,,,3668.84kcal
2024-08-20(화),배추김치,15.2kcal,,,떠먹는 발효유,100kcal,,,3668.84kcal
2024-08-21(수),또띠아치킨랩,674.78kcal,밥,355kcal,참치마요덮밥,704.06kcal,,,3191.47kcal
2024-08-21(수),콘샐러드,105kcal,추어탕,0kcal,홍합탕,25.25kcal,,,3191.47kcal
2024-08-21(수),브라운브레드,279.6kcal,치킨가라아게,469kcal,짜장떡볶이,389.54kcal,,,3191.47kcal
2024-08-21(수),백색우유,65kcal,오이양파장아찌,15.59kcal,꼬들단무지무침,18.45kcal,,,3191.47kcal
2024-08-21(수),마시는 발효유,,깍두기,0kcal,배추김치,15.2kcal,,,3191.47kcal
2024-08-21(수),,,청포도주스,75kcal,,,,,3191.47kcal
2024-08-22(목),장조림버터밥,803.19kcal,코다리냉면,513.12kcal,밥,355kcal,,,3599.47kcal
2024-08-22(목),호박고추장찌개,42.22kcal,김가루밥,364.19kcal,쇠고기장터국,46.24kcal,,,3599.47kcal
2024-08-22(목),햄슬라이스야채볶음,134.61kcal,냉면육수,3kcal,돈육고추장볶음,276.99kcal,,,3599.47kcal
2024-08-22(목),무말랭이무침,60kcal,미니전병,295.65kcal,가쓰오계란말이,142.36kcal,,,3599.47kcal
2024-08-22(목),가공우유,282.5kcal,에그타르트,250kcal,배추김치,15.2kcal,,,3599.47kcal
2024-08-22(목),배추김치,15.2kcal,총각김치,0kcal,바나나,,,,3599.47kcal
2024-08-23(금),오므라이스,1081.98kcal,잡곡밥,387.65kcal,밥,355kcal,,,4443.85kcal
2024-08-23(금),우동국물,61.41kcal,배추된장국,77.13kcal,짬뽕찌개,84.82kcal,,,4443.85kcal
2024-08-23(금),치즈소시지구이,0kcal,잡채,190.15kcal,코코넛새우튀김,438kcal,,,4443.85kcal
2024-08-23(금),황도샐러드,85.03kcal,보쌈,653.73kcal,바베큐치킨스테이크,400kcal,,,4443.85kcal
2024-08-23(금),배추김치,15.2kcal,쌈무,25kcal,배추김치,15.2kcal,,,4443.85kcal
2024-08-23(금),매일두유 초콜릿,250kcal,파인애플스틱,3kcal,"아이스크림,튜브형",250kcal,,,4443.85kcal
2024-08-23(금),,,명이나물절임,22kcal,,,,,4443.85kcal
2024-08-23(금),,,보쌈김치,48.55kcal,,,,,4443.85kcal
2024-08-24(토),버팔로봉,320kcal,소불고기볶음밥,0kcal,유부된장국,34.22kcal,,,2942.87kcal
2024-08-24(토),햄치즈샌드위치,715.52kcal,쑥갓어묵국,65.91kcal,지마구튀김,160kcal,,,2942.87kcal
2024-08-24(토),백색우유,65kcal,누들떡볶이,322.38kcal,단무지무침,10.44kcal,,,2942.87kcal
2024-08-24(토),,,구운계란,0kcal,용가리치킨마요덮밥,1101.5kcal,,,2942.87kcal
2024-08-24(토),,,배추김치,15.2kcal,배추김치,15.2kcal,,,2942.87kcal
2024-08-24(토),,,콜라,117.5kcal,,,,,2942.87kcal
2024-08-25(일),밥,355kcal,잡곡밥,387.65kcal,스팸김치덮밥,875.82kcal,,,3853.53kcal
2024-08-25(일),쇠고기당면국,72.06kcal,물만둣국,326.24kcal,팽이버섯두부국,55.08kcal,,,3853.53kcal
2024-08-29(목),고깃집맛소금구이,440kcal,깐풍기,448.78kcal,동태전,268.95kcal,,,3474.53kcal
2024-08-29(목),가공우유,82.5kcal,단무지,7.2kcal,김자반,35.36kcal,,,3474.53kcal
2024-08-29(목),배추김치,15.2kcal,배추김치,15.2kcal,깍두기,0kcal,,,3474.53kcal
2024-08-29(목),,,멜론,72kcal,,,,,3474.53kcal
2024-08-30(금),밥,355kcal,잡곡밥,387.65kcal,데리야끼삼겹살덮밥,1091.61kcal,,,3674.48kcal
2024-08-30(금),사골설렁탕,184.56kcal,청국장찌개,104.52kcal,미역오이냉국,15.96kcal,,,3674.48kcal
2024-08-30(금),멸치볶음,85.16kcal,순살고등어구이,273.33kcal,갈비만두찜,110.18kcal,,,3674.48kcal
2024-08-30(금),비엔나소시지야채볶음,367.92kcal,냉채족발,465.65kcal,만다린샐러드,82.54kcal,,,3674.48kcal
2024-08-30(금),깍두기,0kcal,양념깻잎지무침,120kcal,배추김치,15.2kcal,,,3674.48kcal
2024-08-30(금),삼육두유,,배추김치,15.2kcal,,,,,3674.48kcal
2024-08-30(금),,,사과주스,,,,,,3674.48kcal
2024-08-31(토),카츠샌드위치,1177.16kcal,통새우볶음밥,535kcal,제육덮밥,372.42kcal,,,3444.61kcal
2024-08-31(토),바베큐폭립,150kcal,김치국,22.78kcal,얼큰쇠고기무국,66.48kcal,,,3444.61kcal
2024-08-31(토),백색우유,65kcal,크림슈,72kcal,고구마치즈돈가스,743kcal,,,3444.61kcal
2024-08-31(토),,,믹스베리샐러드,59.45kcal,미나리초무침,13.32kcal,,,3444.61kcal
2024-08-31(토),,,깍두기,0kcal,배추김치,15.2kcal,,,3444.61kcal
2024-08-31(토),,,써니텐오렌지향 250ml,132kcal,자두,20.8kcal,,,3444.61kcal
,,,,,,,,,3444.61kcal
2024-08-01(목),장조림버터밥,803.19kcal,검은콩밥,788.04kcal,밥,355kcal,,,4583.25kcal
2024-08-01(목),김치어묵국,57.64kcal,갑오징어물회,356.69kcal,우동국물,61.41kcal,,,4583.25kcal
2024-08-01(목),멸치볶음,85.16kcal,치킨너겟,649.5kcal,누들떡볶이,322.38kcal,,,4583.25kcal
2024-08-01(목),꼬들단무지무침,18.45kcal,잎새만두찜,9.09kcal,고구마치즈돈가스,743kcal,,,4583.25kcal
2024-08-01(목),가공우유,282.5kcal,배추김치,15.2kcal,배추김치,15.2kcal,,,4583.25kcal
2024-08-01(목),깍두기,0kcal,자두,20.8kcal,,,,,4583.25kcal
2024-08-02(금),밥,355kcal,연두부비빔밥,832.78kcal,밥,355kcal,,,3761.95kcal
2024-08-02(금),콩나물국,27.72kcal,버섯매운탕,47.99kcal,쇠고기미역국,53.09kcal,,,3761.95kcal
2024-08-02(금),돈육피망볶음,317.28kcal,함박스테이크,666.8kcal,순대야채볶음,249.06kcal,,,3761.95kcal
2024-08-02(금),맛김,5.25kcal,오징어젓무침,41.22kcal,감자채피망볶음,68.66kcal,,,3761.95kcal
2024-08-02(금),스팸구이,499.5kcal,오이소박이,22.2kcal,배추김치,15.2kcal,,,3761.95kcal
2024-08-02(금),배추김치,15.2kcal,,,식혜,190kcal,,,3761.95kcal
2024-08-02(금),삼육두유,,,,,,,,3761.95kcal
2024-08-03(토),불고기베이컨치즈버거,744.2kcal,제육덮밥,372.42kcal,베이컨김치볶음밥,626.31kcal,,,3302.80kcal
2024-08-03(토),치즈스틱,250kcal,파송송계란국,59.72kcal,유부된장국,34.22kcal,,,3302.80kcal
2024-08-03(토),백색우유,65kcal,무&비트피클,18kcal,너비아니구이,602.74kcal,,,3302.80kcal
2024-08-03(토),,,닭순살샐러드,238.39kcal,스크램블에그,145.13kcal,,,3302.80kcal
2024-08-03(토),,,배추김치,15.2kcal,숙주나물무침,13.97kcal,,,3302.80kcal
2024-08-03(토),,,콜라,117.5kcal,깍두기,0kcal,,,3302.80kcal
2024-08-04(일),전복죽,0kcal,밥,355kcal,밥,355kcal,,,2243.67kcal
2024-08-04(일),맛김,5.25kcal,배추된장국,77.13kcal,쇠고기감자국,69.67kcal,,,2243.67kcal
2024-08-04(일),매콤계란조림,151.1kcal,돈육고추장볶음,276.99kcal,매운족발볶음,413.95kcal,,,2243.67kcal
2024-08-04(일),무말랭이무침,60kcal,콩나물무침,30.37kcal,두부조림,90.3kcal,,,2243.67kcal
2024-08-04(일),배추김치,15.2kcal,양배추쌈&저염쌈장,34.46kcal,양념깻잎지무침,120kcal,,,2243.67kcal
2024-08-04(일),백색우유,65kcal,파김치,20.25kcal,배추김치,15.2kcal,,,2243.67kcal
2024-08-04(일),,,,,이온음료,88.8kcal,,,2243.67kcal
2024-08-05(월),밥,355kcal,흑미밥,373.75kcal,밥,355kcal,,,3332.50kcal
2024-08-05(월),돼지국밥,376.48kcal,황태채미역국,23.23kcal,감자짜글이,213.86kcal,,,3332.50kcal
2024-08-05(월),김치전,395kcal,어묵야채볶음,78.5kcal,대왕오징어튀김,337.43kcal,,,3332.50kcal
2024-08-05(월),양파부추겉절이,10.47kcal,닭고기숙주볶음,467.3kcal,계란찜,116.72kcal,,,3332.50kcal
2024-08-05(월),석박지,22.8kcal,오이고추된장무침,25.96kcal,깍두기,0kcal,,,3332.50kcal
2024-08-05(월),백색우유,65kcal,총각김치,0kcal,,,,,3332.50kcal
2024-08-05(월),,,과일푸딩,116kcal,,,,,3332.50kcal
2024-08-06(화),밥,355kcal,냉모밀,266.82kcal,밥,355kcal,,,3179.08kcal
2024-08-06(화),삼색수제비국,230.38kcal,추가밥,213kcal,김치찌개,104.8kcal,,,3179.08kcal
2024-08-06(화),돼지고기콩나물볶음,217.34kcal,바싹불고기,234.58kcal,치즈롤까스,525kcal,,,3179.08kcal
2024-08-06(화),도토리묵무침,56.77kcal,갈비만두찜,110.18kcal,연근땅콩조림,35.81kcal,,,3179.08kcal
2024-08-06(화),가공우유,194kcal,배추김치,15.2kcal,깍두기,0kcal,,,3179.08kcal
2024-08-06(화),배추김치,15.2kcal,,,"아이스크림,튜브형",250kcal,,,3179.08kcal
2024-08-07(수),불고기핫도그,485.41kcal,잡곡밥,387.65kcal,카레밥,513.4kcal,,,2982.18kcal
2024-08-07(수),초코머핀,170kcal,감자탕,457.69kcal,우동국물,61.41kcal,,,2982.18kcal
2024-08-07(수),야채샐러드,93.71kcal,닭꼬치,123.2kcal,옥수수맛탕,0kcal,,,2982.18kcal
2024-08-07(수),백색우유,65kcal,양념고추지,37.2kcal,쫄면야채무침,122.51kcal,,,2982.18kcal
2024-08-07(수),사이다,350kcal,깍두기,0kcal,깍두기,0kcal,,,2982.18kcal
2024-08-07(수),,,에이드,115kcal,,,,,2982.18kcal
2024-08-08(목),밥,355kcal,참치야채비빔밥,527.61kcal,밥,355kcal,,,3125.80kcal
2024-08-08(목),사골우거지국,186.44kcal,미역오이냉국,15.96kcal,호박고추장찌개,42.22kcal,,,3125.80kcal
2024-08-08(목),햄슬라이스야채볶음,134.61kcal,맛초킹탕수육,495kcal,오삼불고기,649.77kcal,,,3125.80kcal
2024-08-08(목),순두부양념장,53kcal,콘샐러드,105kcal,숙주나물무침,13.97kcal,,,3125.80kcal
2024-08-08(목),가공우유,82.5kcal,배추김치,15.2kcal,배추김치,15.2kcal,,,3125.80kcal
2024-08-08(목),배추김치,15.2kcal,복숭아,64.124kcal,,,,,3125.80kcal
2024-08-09(금),밥,355kcal,달걀케첩볶음밥,568.25kcal,밥,355kcal,,,4015.50kcal
2024-08-09(금),얼큰어묵국,66.03kcal,짬뽕찌개,84.82kcal,순댓국,407.14kcal,,,4015.50kcal
2024-08-09(금),소불고기,195.32kcal,고추잡채&꽃빵,440.07kcal,치킨까스,609.5kcal,,,4015.50kcal
2024-08-09(금),맛김,5.25kcal,군만두,356.07kcal,상추겉절이,18.92kcal,,,4015.50kcal
2024-08-09(금),꽃맛살메추리알샐러드,250.93kcal,배추김치,15.2kcal,석박지,22.8kcal,,,4015.50kcal
2024-08-09(금),배추김치,15.2kcal,,,짜먹는 발효유,,,,4015.50kcal
2024-08-09(금),매일두유 초콜릿,250kcal,,,,,,,4015.50kcal
2024-08-10(토),뿌링클웨지감자,477kcal,대패삼겹볶음밥,638kcal,밥,355kcal,,,2899.71kcal
2024-08-10(토),에그샐러드&모닝빵,443.25kcal,김치국,22.78kcal,홍합탕,25.25kcal,,,2899.71kcal
2024-08-10(토),백색우유,65kcal,고추바사삭치킨,160kcal,닭갈비,299.56kcal,,,2899.71kcal
2024-08-10(토),,,파인애플샐러드,71.81kcal,데리야끼산적조림,301.08kcal,,,2899.71kcal
2024-08-10(토),,,깍두기,0kcal,쌈무무침,25.78kcal,,,2899.71kcal
2024-08-10(토),,,"커피음료,아메리카노",,배추김치,15.2kcal,,,2899.71kcal
2024-08-10(토),,,,,사과주스,,,,2899.71kcal
2024-08-11(일),밥,355kcal,밥,355kcal,스팸마요덮밥,996.7kcal,,,3314.50kcal
2024-08-11(일),키조개미역국,20.1kcal,닭볶음탕,403.3kcal,팽이버섯두부국,55.08kcal,,,3314.50kcal
2024-08-11(일),돼지고기청경채볶음,245.41kcal,잡채어묵조림,147.21kcal,모짜렐라치즈핫도그,147.8kcal,,,3314.50kcal
2024-08-11(일),토마토달걀볶음,186.91kcal,오징어숙회/초고추장,140.94kcal,꼬들단무지무침,18.45kcal,,,3314.50kcal
2024-08-11(일),배추김치,15.2kcal,배추김치,15.2kcal,배추김치,15.2kcal,,,3314.50kcal
2024-08-16(금),유부주머니탕,323.39kcal,순두부찌개,144.98kcal,오징어무국,73.28kcal,,,3924.80kcal
2024-08-16(금),동그랑땡&케첩,275.5kcal,토네이도핫도그,397kcal,소불고기버섯볶음,233.77kcal,,,3924.80kcal
2024-08-16(금),닭고기데리야끼조림,299.46kcal,무말랭이무침,60kcal,김말이튀김강정,241.36kcal,,,3924.80kcal
2024-08-16(금),배추김치,15.2kcal,배추김치,15.2kcal,무나물,60.35kcal,,,3924.80kcal
2024-08-16(금),두유달콤한맛,130kcal,참외,38kcal,배추김치,15.2kcal,,,3924.80kcal
2024-08-17(토),모닝빵&크로와상,527.9kcal,김가루밥,364.19kcal,밥,355kcal,,,2736.41kcal
2024-08-17(토),훈제닭가슴살,0kcal,우동국물,61.41kcal,한우고기곰탕,1.41kcal,,,2736.41kcal
2024-08-17(토),야채샐러드,93.71kcal,물만두,267.28kcal,떡갈비조림,285.7kcal,,,2736.41kcal
2024-08-17(토),백색우유,65kcal,골뱅이소면무침,335.08kcal,오이양파무침,14.53kcal,,,2736.41kcal
2024-08-17(토),,,배추김치,15.2kcal,깍두기,0kcal,,,2736.41kcal
2024-08-17(토),,,사이다,350kcal,짜먹는 발효유,,,,2736.41kcal
2024-08-18(일),밥,355kcal,흑미밥,373.75kcal,밥,355kcal,,,2854.45kcal
2024-08-18(일),감자짜글이,213.86kcal,황태해장국,56.28kcal,김치어묵국,57.64kcal,,,2854.45kcal
2024-08-18(일),미트볼케찹조림,232.66kcal,애호박나물,55.86kcal,우삼겹숙주찜/칠리소스,308.56kcal,,,2854.45kcal
2024-08-18(일),양념깻잎지무침,120kcal,분모자로제찜닭,504.23kcal,감자조림,82.21kcal,,,2854.45kcal
2024-08-18(일),배추김치,15.2kcal,배추김치,15.2kcal,깍두기,0kcal,,,2854.45kcal
2024-08-18(일),백색우유,65kcal,,,"웅진식품,가야농장 제주감귤,340ml",44kcal,,,2854.45kcal
2024-08-19(월),밥,355kcal,잡곡밥,387.65kcal,밥,355kcal,,,3155.60kcal
2024-08-19(월),닭곰탕,179.29kcal,명태매운탕,114.08kcal,참치김치찌개,121.65kcal,,,3155.60kcal
2024-08-19(월),비엔나소시지케찹볶음,307.8kcal,마늘안심닭강정,408.74kcal,소불고기,195.32kcal,,,3155.60kcal
2024-08-19(월),오징어젓무침,41.22kcal,쌈무무침,25.78kcal,유린기,413.5kcal,,,3155.60kcal
2024-08-19(월),깍두기,0kcal,배추김치,15.2kcal,콩나물무침,30.37kcal,,,3155.60kcal
2024-08-19(월),백색우유,65kcal,에너지음료,140kcal,깍두기,0kcal,,,3155.60kcal
2024-08-20(화),밥,355kcal,열무비빔밥,477.87kcal,밥,355kcal,,,3668.84kcal
2024-08-20(화),쇠고기미역국,53.09kcal,도토리묵냉국,72.62kcal,새우순두부계란탕,104.67kcal,,,3668.84kcal
2024-08-20(화),스팸구이,499.5kcal,야채튀김,224.9kcal,야채고로케,903kcal,,,3668.84kcal
2024-08-20(화),연근땅콩조림,35.81kcal,청포묵김가루무침,37.87kcal,돈육김치찜,157.09kcal,,,3668.84kcal
2024-08-20(화),스크램블에그,145.13kcal,배추김치,15.2kcal,오이부추무침,13.59kcal,,,3668.84kcal
2024-08-20(화),가공우유,82.5kcal,자두,20.8kcal,깍두기,0kcal,,,3668.84kcal
2024-08-20(화),배추김치,15.2kcal,,,떠먹는 발효유,100kcal,,,3668.84kcal
2024-08-21(수),또띠아치킨랩,674.78kcal,밥,355kcal,참치마요덮밥,704.06kcal,,,3191.47kcal
2024-08-21(수),콘샐러드,105kcal,추어탕,0kcal,홍합탕,25.25kcal,,,3191.47kcal
2024-08-21(수),브라운브레드,279.6kcal,치킨가라아게,469kcal,짜장떡볶이,389.54kcal,,,3191.47kcal
2024-08-21(수),백색우유,65kcal,오이양파장아찌,15.59kcal,꼬들단무지무침,18.45kcal,,,3191.47kcal
2024-08-21(수),마시는 발효유,,깍두기,0kcal,배추김치,15.2kcal,,,3191.47kcal
2024-08-21(수),,,청포도주스,75kcal,,,,,3191.47kcal
2024-08-22(목),장조림버터밥,803.19kcal,코다리냉면,513.12kcal,밥,355kcal,,,3599.47kcal
2024-08-22(목),호박고추장찌개,42.22kcal,김가루밥,364.19kcal,쇠고기장터국,46.24kcal,,,3599.47kcal
2024-08-22(목),햄슬라이스야채볶음,134.61kcal,냉면육수,3kcal,돈육고추장볶음,276.99kcal,,,3599.47kcal
2024-08-22(목),무말랭이무침,60kcal,미니전병,295.65kcal,가쓰오계란말이,142.36kcal,,,3599.47kcal
2024-08-22(목),가공우유,282.5kcal,에그타르트,250kcal,배추김치,15.2kcal,,,3599.47kcal
2024-08-22(목),배추김치,15.2kcal,총각김치,0kcal,바나나,,,,3599.47kcal
2024-08-23(금),오므라이스,1081.98kcal,잡곡밥,387.65kcal,밥,355kcal,,,4443.85kcal
2024-08-23(금),우동국물,61.41kcal,배추된장국,77.13kcal,짬뽕찌개,84.82kcal,,,4443.85kcal
2024-08-23(금),치즈소시지구이,0kcal,잡채,190.15kcal,코코넛새우튀김,438kcal,,,4443.85kcal
2024-08-23(금),황도샐러드,85.03kcal,보쌈,653.73kcal,바베큐치킨스테이크,400kcal,,,4443.85kcal
2024-08-23(금),배추김치,15.2kcal,쌈무,25kcal,배추김치,15.2kcal,,,4443.85kcal
2024-08-23(금),매일두유 초콜릿,250kcal,파인애플스틱,3kcal,"아이스크림,튜브형",250kcal,,,4443.85kcal
2024-08-23(금),,,명이나물절임,22kcal,,,,,4443.85kcal
2024-08-23(금),,,보쌈김치,48.55kcal,,,,,4443.85kcal
2024-08-24(토),버팔로봉,320kcal,소불고기볶음밥,0kcal,유부된장국,34.22kcal,,,2942.87kcal
2024-08-24(토),햄치즈샌드위치,715.52kcal,쑥갓어묵국,65.91kcal,지마구튀김,160kcal,,,2942.87kcal
2024-08-24(토),백색우유,65kcal,누들떡볶이,322.38kcal,단무지무침,10.44kcal,,,2942.87kcal
2024-08-24(토),,,구운계란,0kcal,용가리치킨마요덮밥,1101.5kcal,,,2942.87kcal
2024-08-24(토),,,배추김치,15.2kcal,배추김치,15.2kcal,,,2942.87kcal
2024-08-24(토),,,콜라,117.5kcal,,,,,2942.87kcal
2024-08-25(일),밥,355kcal,잡곡밥,387.65kcal,스팸김치덮밥,875.82kcal,,,3853.53kcal
2024-08-25(일),쇠고기당면국,72.06kcal,물만둣국,326.24kcal,팽이버섯두부국,55.08kcal,,,3853.53kcal
2024-08-25(일),두부김치,219.56kcal,돼지간장불고기,241.08kcal,크림청양함박스테이크,775.89kcal,,,3853.53kcal
2024-08-25(일),스크램블에그,145.13kcal,계란찜,116.72kcal,단호박샐러드,106.8kcal,,,3853.53kcal
2024-08-25(일),깍두기,0kcal,열무된장무침,21.3kcal,깍두기,0kcal,,,3853.53kcal
2024-08-25(일),백색우유,65kcal,배추김치,15.2kcal,청포도주스,75kcal,,,3853.53kcal
2024-08-26(월),밥,355kcal,흑미밥,373.75kcal,밥,355kcal,,,3010.07kcal
2024-08-26(월),콩나물김치국,27.53kcal,닭개장,237.09kcal,샤브샤브국,66.51kcal,,,3010.07kcal
2024-08-26(월),감자채피망볶음,68.66kcal,순살삼치구이,202.5kcal,치즈롤까스,525kcal,,,3010.07kcal
2024-08-26(월),쇠고기떡볶음,249.27kcal,연두부양념장,359.37kcal,열대과일샐러드,66.94kcal,,,3010.07kcal
2024-08-26(월),맛김,5.25kcal,깍두기,0kcal,배추김치,15.2kcal,,,3010.07kcal
2024-08-26(월),총각김치,0kcal,참외,38kcal,,,,,3010.07kcal
2024-08-26(월),백색우유,65kcal,,,,,,,3010.07kcal
2024-08-27(화),밥,355kcal,추가밥,213kcal,잡곡밥,387.65kcal,,,2853.88kcal
2024-08-27(화),삼색수제비국,230.38kcal,잠봉햄스파게티,472.97kcal,키조개미역국,20.1kcal,,,2853.88kcal
2024-08-27(화),언양식바싹불고기파채,364.76kcal,피자,0kcal,춘천닭갈비,92.86kcal,,,2853.88kcal
2024-08-27(화),매콤계란조림,151.1kcal,오이피클,70kcal,오이고추된장무침,25.96kcal,,,2853.88kcal
2024-08-27(화),가공우유,194kcal,마늘빵,94.5kcal,배추김치,15.2kcal,,,2853.88kcal
2024-08-27(화),배추김치,15.2kcal,배추김치,15.2kcal,,,,,2853.88kcal
2024-08-27(화),,,써니텐파인애플향 250ml,136kcal,,,,,2853.88kcal
2024-08-28(수),핫치킨버거,1010.76kcal,검은콩밥,788.04kcal,밥,355kcal,,,4815.45kcal
2024-08-28(수),뿌링클웨지감자,477kcal,우렁된장찌개,87.14kcal,쇠고기육개장,105.96kcal,,,4815.45kcal
2024-08-28(수),프로틴바,0kcal,삼겹살새송이버섯구이,734.66kcal,궁중떡볶이,417.98kcal,,,4815.45kcal
2024-08-28(수),사이다,350kcal,상추쌈,10.53kcal,오징어튀김,319.26kcal,,,4815.45kcal
2024-08-28(수),백색우유,65kcal,콩나물무침,30.37kcal,배추김치,15.2kcal,,,4815.45kcal
2024-08-28(수),,,보쌈김치,48.55kcal,초코과자,,,,4815.45kcal
2024-08-29(목),밥,355kcal,밥,355kcal,밥,355kcal,,,3474.53kcal
2024-08-29(목),쇠고기감자국,69.67kcal,게맛살계란국,122.23kcal,쑥갓어묵국,65.91kcal,,,3474.53kcal
2024-08-29(목),돼지고기콩나물볶음,217.34kcal,마파두부,163.52kcal,묵은지등갈비찜,385.67kcal,,,3474.53kcal
2024-08-02(금),맛김,5.25kcal,오징어젓무침,41.22kcal,감자채피망볶음,68.66kcal,,,3761.95kcal
2024-08-02(금),스팸구이,499.5kcal,오이소박이,22.2kcal,배추김치,15.2kcal,,,3761.95kcal
2024-08-02(금),배추김치,15.2kcal,,,식혜,190kcal,,,3761.95kcal
2024-08-02(금),삼육두유,,,,,,,,3761.95kcal
2024-08-03(토),불고기베이컨치즈버거,744.2kcal,제육덮밥,372.42kcal,베이컨김치볶음밥,626.31kcal,,,3302.80kcal
2024-08-03(토),치즈스틱,250kcal,파송송계란국,59.72kcal,유부된장국,34.22kcal,,,3302.80kcal
2024-08-03(토),백색우유,65kcal,무&비트피클,18kcal,너비아니구이,602.74kcal,,,3302.80kcal
2024-08-03(토),,,닭순살샐러드,238.39kcal,스크램블에그,145.13kcal,,,3302.80kcal
2024-08-03(토),,,배추김치,15.2kcal,숙주나물무침,13.97kcal,,,3302.80kcal
2024-08-03(토),,,콜라,117.5kcal,깍두기,0kcal,,,3302.80kcal
2024-08-04(일),전복죽,0kcal,밥,355kcal,밥,355kcal,,,2243.67kcal
2024-08-04(일),맛김,5.25kcal,배추된장국,77.13kcal,쇠고기감자국,69.67kcal,,,2243.67kcal
2024-08-04(일),매콤계란조림,151.1kcal,돈육고추장볶음,276.99kcal,매운족발볶음,413.95kcal,,,2243.67kcal
2024-08-04(일),무말랭이무침,60kcal,콩나물무침,30.37kcal,두부조림,90.3kcal,,,2243.67kcal
2024-08-04(일),배추김치,15.2kcal,양배추쌈&저염쌈장,34.46kcal,양념깻잎지무침,120kcal,,,2243.67kcal
2024-08-04(일),백색우유,65kcal,파김치,20.25kcal,배추김치,15.2kcal,,,2243.67kcal
2024-08-04(일),,,,,이온음료,88.8kcal,,,2243.67kcal
2024-08-05(월),밥,355kcal,흑미밥,373.75kcal,밥,355kcal,,,3332.50kcal
2024-08-05(월),돼지국밥,376.48kcal,황태채미역국,23.23kcal,감자짜글이,213.86kcal,,,3332.50kcal
2024-08-05(월),김치전,395kcal,어묵야채볶음,78.5kcal,대왕오징어튀김,337.43kcal,,,3332.50kcal
2024-08-05(월),양파부추겉절이,10.47kcal,닭고기숙주볶음,467.3kcal,계란찜,116.72kcal,,,3332.50kcal
2024-08-05(월),석박지,22.8kcal,오이고추된장무침,25.96kcal,깍두기,0kcal,,,3332.50kcal
2024-08-05(월),백색우유,65kcal,총각김치,0kcal,,,,,3332.50kcal
2024-08-05(월),,,과일푸딩,116kcal,,,,,3332.50kcal
2024-08-06(화),밥,355kcal,냉모밀,266.82kcal,밥,355kcal,,,3179.08kcal
2024-08-06(화),삼색수제비국,230.38kcal,추가밥,213kcal,김치찌개,104.8kcal,,,3179.08kcal
2024-08-06(화),돼지고기콩나물볶음,217.34kcal,바싹불고기,234.58kcal,치즈롤까스,525kcal,,,3179.08kcal
2024-08-06(화),도토리묵무침,56.77kcal,갈비만두찜,110.18kcal,연근땅콩조림,35.81kcal,,,3179.08kcal
2024-08-06(화),가공우유,194kcal,배추김치,15.2kcal,깍두기,0kcal,,,3179.08kcal
2024-08-06(화),배추김치,15.2kcal,,,"아이스크림,튜브형",250kcal,,,3179.08kcal
2024-08-07(수),불고기핫도그,485.41kcal,잡곡밥,387.65kcal,카레밥,513.4kcal,,,2982.18kcal
2024-08-07(수),초코머핀,170kcal,감자탕,457.69kcal,우동국물,61.41kcal,,,2982.18kcal
2024-08-07(수),야채샐러드,93.71kcal,닭꼬치,123.2kcal,옥수수맛탕,0kcal,,,2982.18kcal
2024-08-07(수),백색우유,65kcal,양념고추지,37.2kcal,쫄면야채무침,122.51kcal,,,2982.18kcal
2024-08-07(수),사이다,350kcal,깍두기,0kcal,깍두기,0kcal,,,2982.18kcal
2024-08-07(수),,,에이드,115kcal,,,,,2982.18kcal
2024-08-08(목),밥,355kcal,참치야채비빔밥,527.61kcal,밥,355kcal,,,3125.80kcal
2024-08-08(목),사골우거지국,186.44kcal,미역오이냉국,15.96kcal,호박고추장찌개,42.22kcal,,,3125.80kcal
2024-08-08(목),햄슬라이스야채볶음,134.61kcal,맛초킹탕수육,495kcal,오삼불고기,649.77kcal,,,3125.80kcal
2024-08-08(목),순두부양념장,53kcal,콘샐러드,105kcal,숙주나물무침,13.97kcal,,,3125.80kcal
2024-08-08(목),가공우유,82.5kcal,배추김치,15.2kcal,배추김치,15.2kcal,,,3125.80kcal
2024-08-08(목),배추김치,15.2kcal,복숭아,64.124kcal,,,,,3125.80kcal
2024-08-09(금),밥,355kcal,달걀케첩볶음밥,568.25kcal,밥,355kcal,,,4015.50kcal
2024-08-09(금),얼큰어묵국,66.03kcal,짬뽕찌개,84.82kcal,순댓국,407.14kcal,,,4015.50kcal
2024-08-09(금),소불고기,195.32kcal,고추잡채&꽃빵,440.07kcal,치킨까스,609.5kcal,,,4015.50kcal
2024-08-09(금),맛김,5.25kcal,군만두,356.07kcal,상추겉절이,18.92kcal,,,4015.50kcal
2024-08-09(금),꽃맛살메추리알샐러드,250.93kcal,배추김치,15.2kcal,석박지,22.8kcal,,,4015.50kcal
2024-08-09(금),배추김치,15.2kcal,,,짜먹는 발효유,,,,4015.50kcal
2024-08-09(금),매일두유 초콜릿,250kcal,,,,,,,4015.50kcal
2024-08-10(토),뿌링클웨지감자,477kcal,대패삼겹볶음밥,638kcal,밥,355kcal,,,2899.71kcal
2024-08-10(토),에그샐러드&모닝빵,443.25kcal,김치국,22.78kcal,홍합탕,25.25kcal,,,2899.71kcal
2024-08-10(토),백색우유,65kcal,고추바사삭치킨,160kcal,닭갈비,299.56kcal,,,2899.71kcal
2024-08-10(토),,,파인애플샐러드,71.81kcal,데리야끼산적조림,301.08kcal,,,2899.71kcal
2024-08-10(토),,,깍두기,0kcal,쌈무무침,25.78kcal,,,2899.71kcal
2024-08-10(토),,,"커피음료,아메리카노",,배추김치,15.2kcal,,,2899.71kcal
2024-08-10(토),,,,,사과주스,,,,2899.71kcal
2024-08-11(일),밥,355kcal,밥,355kcal,스팸마요덮밥,996.7kcal,,,3314.50kcal
2024-08-11(일),키조개미역국,20.1kcal,닭볶음탕,403.3kcal,팽이버섯두부국,55.08kcal,,,3314.50kcal
2024-08-11(일),돼지고기청경채볶음,245.41kcal,잡채어묵조림,147.21kcal,모짜렐라치즈핫도그,147.8kcal,,,3314.50kcal
2024-08-11(일),토마토달걀볶음,186.91kcal,오징어숙회/초고추장,140.94kcal,꼬들단무지무침,18.45kcal,,,3314.50kcal
2024-08-11(일),배추김치,15.2kcal,배추김치,15.2kcal,배추김치,15.2kcal,,,3314.50kcal
2024-08-11(일),백색우유,65kcal,써니텐오렌지향 250ml,132kcal,,,,,3314.50kcal
2024-08-12(월),밥,355kcal,흑미밥,373.75kcal,밥,355kcal,,,3354.95kcal
2024-08-12(월),쇠고기장터국,46.24kcal,쇠고기무국,57.09kcal,돼지고기고추장찌개,106.92kcal,,,3354.95kcal
2024-08-12(월),돈육장조림,189kcal,매운돼지갈비찜,606.41kcal,훈제오리파프리카볶음,339.77kcal,,,3354.95kcal
2024-08-12(월),계란말이,48kcal,해물파전,555kcal,콩나물무침,30.37kcal,,,3354.95kcal
2024-08-12(월),깍두기,0kcal,오이소박이,22.2kcal,배추김치,15.2kcal,,,3354.95kcal
2024-08-12(월),백색우유,65kcal,식혜,190kcal,,,,,3354.95kcal
2024-08-13(화),밥,355kcal,얼큰콩나물국,28.35kcal,밥,355kcal,,,4276.18kcal
2024-08-13(화),사골떡만둣국,404.03kcal,분모자떡볶이,409.21kcal,쇠고기육개장,105.96kcal,,,4276.18kcal
2024-08-13(화),두부조림,90.3kcal,가츠동,1121.46kcal,뿌링클치킨,630.5kcal,,,4276.18kcal
2024-08-13(화),쪽파락교무침,29.46kcal,단무지무침,10.44kcal,연두부양념장,359.37kcal,,,4276.18kcal
2024-08-13(화),가공우유,282.5kcal,배추김치,15.2kcal,오이소박이,22.2kcal,,,4276.18kcal
2024-08-13(화),배추김치,15.2kcal,,,요구르트,42kcal,,,4276.18kcal
2024-08-14(수),해시브라운버거,879.3kcal,밥,355kcal,밥,355kcal,,,3664.89kcal
2024-08-14(수),먼치킨도넛,79.8kcal,누룽지삼계탕,503.88kcal,김치찌개,104.8kcal,,,3664.89kcal
2024-08-14(수),믹스베리샐러드,59.45kcal,오징어젓무침,41.22kcal,너비아니구이,602.74kcal,,,3664.89kcal
2024-08-14(수),백색우유,65kcal,모듬야채&쌈장,19.28kcal,계란찜,116.72kcal,,,3664.89kcal
2024-08-14(수),콜라,117.5kcal,배추김치,15.2kcal,총각김치,0kcal,,,3664.89kcal
2024-08-14(수),,,팥빙수,350kcal,,,,,3664.89kcal
2024-08-15(목),밥,355kcal,밥,355kcal,밥,355kcal,,,3200.25kcal
2024-08-15(목),돼지국밥,376.48kcal,부대찌개,187.66kcal,쇠고기미역국,53.09kcal,,,3200.25kcal
2024-08-15(목),어묵야채볶음,78.5kcal,오징어볶음,222.32kcal,잡채,190.15kcal,,,3200.25kcal
2024-08-15(목),꽈리고추메추리알장조림,12.65kcal,알감자구이,242.85kcal,돼지고기김치볶음,235.96kcal,,,3200.25kcal
2024-08-15(목),가공우유,194kcal,"빵,케이크",99.4kcal,고구마조림,242.19kcal,,,3200.25kcal
2024-08-15(목),깍두기,0kcal,깍두기,0kcal,깍두기,0kcal,,,3200.25kcal
2024-08-16(금),밥,355kcal,차슈덮밥,892.11kcal,밥,355kcal,,,3924.80kcal
2024-07-20(토),스마일감자튀김,183kcal,쇠고기미역국,52.49kcal,미역오이냉국,15.96kcal,,,2884.33kcal
2024-07-20(토),흰우유,65kcal,짜장떡볶이,279.75kcal,우삼겹숙주찜/칠리소스,31.06kcal,,,2884.33kcal
2024-07-20(토),,,콘샐러드,105kcal,데리야끼산적조림,287.23kcal,,,2884.33kcal
2024-07-20(토),,,배추김치,15.2kcal,미나리초무침,13.29kcal,,,2884.33kcal
2024-07-20(토),,,사이다,350kcal,배추김치,15.2kcal,,,2884.33kcal
2024-07-21(일),밥,355kcal,밥,355kcal,버섯매운탕,47.66kcal,,,3362.40kcal
2024-07-21(일),황태해장국,56.28kcal,유부주머니탕,324.03kcal,떡갈비조림,283.53kcal,,,3362.40kcal
2024-07-21(일),소불고기,254.12kcal,돼지고기김치볶음,235.96kcal,오이양파무침,14.43kcal,,,3362.40kcal
2024-07-21(일),순두부양념장,53kcal,가쓰오계란말이,135.46kcal,용가리치킨마요덮밥,1092.53kcal,,,3362.40kcal
2024-07-21(일),배추김치,15.2kcal,무말랭이무침,60kcal,배추김치,15.2kcal,,,3362.40kcal
2024-07-21(일),흰우유,65kcal,열무김치,0kcal,,,,,3362.40kcal
2024-07-22(월),밥,355kcal,밥,355kcal,밥,355kcal,,,2990.45kcal
2024-07-22(월),배추된장국,76.68kcal,돼지국밥,376.48kcal,얼큰쇠고기무국,65.73kcal,,,2990.45kcal
2024-07-22(월),돼지간장불고기,240.98kcal,미니전병,195.65kcal,마파두부,163.52kcal,,,2990.45kcal
2024-07-22(월),맛김,28kcal,순살삼치구이,202.5kcal,감자채피망볶음,68.61kcal,,,2990.45kcal
2024-07-22(월),매콤계란조림,151.1kcal,양념고추지,37.2kcal,멘보샤&칠리소스,216kcal,,,2990.45kcal
2024-07-22(월),총각김치,0kcal,석박지,22.8kcal,배추김치,15.2kcal,,,2990.45kcal
2024-07-22(월),흰우유,65kcal,,,,,,,2990.45kcal
2024-07-23(화),밥,355kcal,추가밥,213kcal,밥,355kcal,,,2468.99kcal
2024-07-23(화),한우고기곰탕,1.41kcal,냉모밀,271.23kcal,명란순두부탕,127.22kcal,,,2468.99kcal
2024-07-23(화),쏘야치즈콘볶음,352.49kcal,장어강정,118.8kcal,햄슬라이스야채볶음,134.41kcal,,,2468.99kcal
2024-07-23(화),양파부추겉절이,10.42kcal,꼬들단무지무침,18.45kcal,돼지고기청경채볶음,245.36kcal,,,2468.99kcal
2024-07-23(화),가공우유,82.5kcal,배추김치,15.2kcal,열무된장무침,21.3kcal,,,2468.99kcal
2024-07-23(화),깍두기,0kcal,써니텐오렌지향 250ml,132kcal,배추김치,15.2kcal,,,2468.99kcal
2024-07-24(수),피자,0kcal,달걀케첩볶음밥,568.1kcal,잡곡밥,387.65kcal,,,3432.45kcal
2024-07-24(수),믹스베리샐러드,56.93kcal,나가사끼짬뽕찌개,174.19kcal,닭개장,236.99kcal,,,3432.45kcal
2024-07-24(수),에그샐러드&모닝빵,660.6kcal,목화솜탕수육,634.91kcal,동그랑땡&케첩,275.5kcal,,,3432.45kcal
2024-07-24(수),흰우유,65kcal,물만두,267.28kcal,두부조림,90.1kcal,,,3432.45kcal
2024-07-24(수),동아오츠카 나랑드사이다 180ml 캔,,배추김치,15.2kcal,깍두기,0kcal,,,3432.45kcal
2024-07-24(수),,,,,짜먹는 발효유,,,,3432.45kcal
2024-07-25(목),밥,355kcal,추가밥,213kcal,잡곡밥,387.65kcal,,,2726.44kcal
2024-07-25(목),쇠고기감자국,69.07kcal,삼계탕,493.88kcal,도토리묵냉국,44.65kcal,,,2726.44kcal
2024-07-25(목),두부김치,219.49kcal,오징어숙회/초고추장,140.94kcal,쇠고기떡볶음,298.77kcal,,,2726.44kcal
2024-07-25(목),오징어젓무침,34.82kcal,오이양파장아찌,15.3kcal,계란찜,116.67kcal,,,2726.44kcal
2024-07-25(목),가공우유,194kcal,석박지,22.8kcal,배추김치,15.2kcal,,,2726.44kcal
2024-07-25(목),깍두기,0kcal,수박,55.2kcal,"웅진식품, 자연은요거풋풋젤로&사과, 100mL",50kcal,,,2726.44kcal
2024-07-26(금),밥,355kcal,검은콩밥,788.04kcal,밥,355kcal,,,3694.24kcal
2024-07-26(금),황태채미역국,23.23kcal,쇠고기육개장,105.11kcal,샤브샤브국,82.01kcal,,,3694.24kcal
2024-07-26(금),춘천닭갈비,92.86kcal,치즈롤까스,525kcal,마늘안심닭강정,408.74kcal,,,3694.24kcal
2024-07-26(금),콩나물무침,30.37kcal,바질크림뇨끼,384.09kcal,고구마조림,242.19kcal,,,3694.24kcal
2024-07-26(금),배추김치,15.2kcal,오이소박이,22.2kcal,배추김치,15.2kcal,,,3694.24kcal
2024-07-26(금),매일두유 초콜릿,250kcal,과일 빙수,,,,,,3694.24kcal
2024-07-27(토),크로플&생크림,319.8kcal,통새우볶음밥,535kcal,스팸마요덮밥,987.73kcal,,,3403.09kcal
2024-07-27(토),브리또,362.5kcal,우동국물,61.41kcal,김치어묵국,57.64kcal,,,3403.09kcal
2024-07-27(토),흰우유,65kcal,버팔로봉,320kcal,누들떡볶이,322.38kcal,,,3403.09kcal
2024-07-27(토),,,황도샐러드,82.97kcal,타코야끼,229.46kcal,,,3403.09kcal
2024-07-27(토),,,배추김치,15.2kcal,깍두기,0kcal,,,3403.09kcal
2024-07-27(토),,,써니텐파인애플향 250ml,,제주감귤주스,44kcal,,,3403.09kcal
2024-07-28(일),밥,355kcal,주꾸미볶음밥,369.63kcal,밥,355kcal,,,3718.98kcal
2024-07-28(일),사골우거지국,186.44kcal,감자양파국,30.41kcal,김치찌개,104.79kcal,,,3718.98kcal
2024-07-28(일),돈육장조림,189kcal,순대부추찜,213.49kcal,야채고로케,903kcal,,,3718.98kcal
2024-07-28(일),연두부양념장,359.37kcal,스크램블에그,145.13kcal,닭고기데리야끼조림,285.66kcal,,,3718.98kcal
2024-07-28(일),깍두기,0kcal,배추김치,15.2kcal,오이고추된장무침,25.86kcal,,,3718.98kcal
2024-07-28(일),흰우유,65kcal,과일푸딩,116kcal,깍두기,0kcal,,,3718.98kcal
2024-07-29(월),밥,355kcal,밥,355kcal,밥,355kcal,,,3439.60kcal
2024-07-29(월),새우순두부계란탕,93.27kcal,사골떡만둣국,404.03kcal,우렁된장찌개,83.11kcal,,,3439.60kcal
2024-07-29(월),돈육김치찜,156.99kcal,오징어볶음,208.52kcal,삼겹살고추장볶음,472.65kcal,,,3439.60kcal
2024-07-29(월),맛김,28kcal,너비아니구이,602.74kcal,콩나물무침,30.37kcal,,,3439.60kcal
2024-07-29(월),감자조림,82.21kcal,쌈무무침,25.78kcal,상추쌈,10.53kcal,,,3439.60kcal
2024-07-29(월),깍두기,0kcal,배추김치,15.2kcal,배추김치,15.2kcal,,,3439.60kcal
2024-07-29(월),흰우유,65kcal,,,"남양유업,과수원복숭아,190ml",81kcal,,,3439.60kcal
2024-07-30(화),소불고기덮밥,694.52kcal,검은콩밥,788.04kcal,밥,355kcal,,,3353.34kcal
2024-07-30(화),유부된장국,34.19kcal,쇠고기미역국,52.49kcal,쇠고기무국,56.49kcal,,,3353.34kcal
2024-07-30(화),미트볼케찹조림,232.56kcal,돈육고추장볶음,276.89kcal,치즈불닭볶음,257.98kcal,,,3353.34kcal
2024-07-30(화),무&비트피클,18kcal,감자채피망볶음,68.61kcal,대왕오징어튀김,337.43kcal,,,3353.34kcal
2024-07-30(화),가공우유,122kcal,배추김치,15.2kcal,오이부추무침,13.54kcal,,,3353.34kcal
2024-07-30(화),배추김치,15.2kcal,바나나,,배추김치,15.2kcal,,,3353.34kcal
2024-07-31(수),카츠샌드위치,1177.16kcal,흑미밥,373.75kcal,밥,355kcal,,,3617.48kcal
2024-07-31(수),만다린샐러드,79.66kcal,청국장찌개,104.52kcal,콩나물국,27.72kcal,,,3617.48kcal
2024-07-31(수),마들렌,110kcal,대패삼겹볶음,490.68kcal,매운족발볶음,493.06kcal,,,3617.48kcal
2024-07-31(수),흰우유,65kcal,미나리초무침,13.29kcal,왕교자만두찜,187.5kcal,,,3617.48kcal
2024-07-31(수),요구르트,42kcal,총각김치,0kcal,상추겉절이,18.82kcal,,,3617.48kcal
2024-07-31(수),,,복숭아,64.124kcal,배추김치,15.2kcal,,,3617.48kcal
2024-07-31(수),,,,,짜먹는 발효유,,,,3617.48kcal
2024-08-01(목),장조림버터밥,803.19kcal,검은콩밥,788.04kcal,밥,355kcal,,,4583.25kcal
2024-08-01(목),김치어묵국,57.64kcal,갑오징어물회,356.69kcal,우동국물,61.41kcal,,,4583.25kcal
2024-08-01(목),멸치볶음,85.16kcal,치킨너겟,649.5kcal,누들떡볶이,322.38kcal,,,4583.25kcal
2024-08-01(목),꼬들단무지무침,18.45kcal,잎새만두찜,9.09kcal,고구마치즈돈가스,743kcal,,,4583.25kcal
2024-08-01(목),가공우유,282.5kcal,배추김치,15.2kcal,배추김치,15.2kcal,,,4583.25kcal
2024-08-01(목),깍두기,0kcal,자두,20.8kcal,,,,,4583.25kcal
2024-08-02(금),밥,355kcal,연두부비빔밥,832.78kcal,밥,355kcal,,,3761.95kcal
2024-08-02(금),콩나물국,27.72kcal,버섯매운탕,47.99kcal,쇠고기미역국,53.09kcal,,,3761.95kcal
2024-08-02(금),돈육피망볶음,317.28kcal,함박스테이크,666.8kcal,순대야채볶음,249.06kcal,,,3761.95kcal
2024-07-06(토),,,황도샐러드,82.97kcal,무생채,17.64kcal,,,3623.43kcal
2024-07-06(토),,,깍두기,0kcal,배추김치,15.2kcal,,,3623.43kcal
2024-07-06(토),,,콜라,117.5kcal,,,,,3623.43kcal
2024-07-07(일),밥,355kcal,족발덮밥,865.86kcal,밥,355kcal,,,3190.88kcal
2024-07-07(일),쇠고기장터국,46.24kcal,오징어무국,73.19kcal,감자짜글이,211.11kcal,,,3190.88kcal
2024-07-07(일),너비아니구이,602.74kcal,모짜렐라치즈핫도그,201.4kcal,돈육고추장볶음,276.89kcal,,,3190.88kcal
2024-07-07(일),계란말이,48kcal,단무지무침,10.44kcal,양배추쌈&저염쌈장,34.41kcal,,,3190.88kcal
2024-07-07(일),배추김치,15.2kcal,배추김치,15.2kcal,배추김치,15.2kcal,,,3190.88kcal
2024-07-07(일),흰우유,65kcal,사과주스,,,,,,3190.88kcal
2024-07-08(월),밥,355kcal,밥,355kcal,잡곡밥,387.65kcal,,,2662.08kcal
2024-07-08(월),키조개미역국,18.7kcal,양지수육곰탕,321.6kcal,홍합탕,25.25kcal,,,2662.08kcal
2024-07-08(월),춘천닭갈비,92.86kcal,돈육피망볶음,317.23kcal,훈제오리파프리카볶음,339.63kcal,,,2662.08kcal
2024-07-08(월),순두부양념장,53kcal,오이부추무침,13.54kcal,미트볼케찹조림,232.56kcal,,,2662.08kcal
2024-07-08(월),깍두기,0kcal,깍두기,0kcal,오이고추된장무침,25.86kcal,,,2662.08kcal
2024-07-08(월),흰우유,65kcal,제주감귤주스,44kcal,배추김치,15.2kcal,,,2662.08kcal
2024-07-09(화),스팸김치덮밥,877.19kcal,흑미밥,373.75kcal,밥,355kcal,,,3741.18kcal
2024-07-09(화),삼색수제비국,230.28kcal,참치김치찌개,121.65kcal,사골설렁탕,184.56kcal,,,3741.18kcal
2024-07-09(화),멸치볶음,85.16kcal,치킨까스,609.5kcal,돼지고기육전,342.59kcal,,,3741.18kcal
2024-07-09(화),스크램블에그,145.13kcal,도토리묵무침,21.67kcal,양념고추지,37.2kcal,,,3741.18kcal
2024-07-09(화),가공우유,282.5kcal,총각김치,0kcal,깍두기,0kcal,,,3741.18kcal
2024-07-09(화),깍두기,0kcal,바나나,,"매일유업,피크닉청포도,200ml",75kcal,,,3741.18kcal
2024-07-10(수),햄치즈샌드위치,715.31kcal,차슈덮밥,916.73kcal,잡곡밥,387.65kcal,,,3679.38kcal
2024-07-10(수),믹스베리샐러드,56.93kcal,호박고추장찌개,42.22kcal,콩나물국,27.72kcal,,,3679.38kcal
2024-07-10(수),호두과자,126.8kcal,오징어튀김,319.26kcal,짜장잡채,217.7kcal,,,3679.38kcal
2024-07-10(수),흰우유,65kcal,락교,27.9kcal,돼지고기김치볶음,235.96kcal,,,3679.38kcal
2024-07-10(수),카페라떼,168kcal,오이소박이,22.2kcal,깍두기,0kcal,,,3679.38kcal
2024-07-10(수),,,"웅진식품, 빅토리아자몽",,사이다,350kcal,,,3679.38kcal
2024-07-11(목),밥,355kcal,물냉면,793.71kcal,떡갈비비빔밥,763.35kcal,,,3595.78kcal
2024-07-11(목),황태해장국,56.28kcal,추가밥,213kcal,도토리묵냉국,44.65kcal,,,3595.78kcal
2024-07-11(목),소불고기,254.12kcal,왕교자만두찜,187.5kcal,누들떡볶이,322.38kcal,,,3595.78kcal
2024-07-11(목),숙주나물무침,13.97kcal,바싹불고기,234.29kcal,꽃맛살메추리알샐러드,189.43kcal,,,3595.78kcal
2024-07-11(목),가공우유,82.5kcal,열무김치,0kcal,배추김치,15.2kcal,,,3595.78kcal
2024-07-11(목),배추김치,15.2kcal,수박,55.2kcal,,,,,3595.78kcal
2024-07-12(금),밥,355kcal,김가루밥,365.66kcal,밥,355kcal,,,3223.44kcal
2024-07-12(금),버섯매운탕,47.66kcal,쇠고기미역국,52.49kcal,순댓국,407.14kcal,,,3223.44kcal
2024-07-12(금),돈육장조림,189kcal,무뼈닭발,251.9kcal,연어까스&타르타르소스,388.1kcal,,,3223.44kcal
2024-07-12(금),열무된장무침,21.3kcal,연두부양념장,359.37kcal,양파부추겉절이,10.42kcal,,,3223.44kcal
2024-07-12(금),배추김치,15.2kcal,배추김치,15.2kcal,깍두기,0kcal,,,3223.44kcal
2024-07-12(금),매일두유 초콜릿,250kcal,떠먹는 발효유,100kcal,갈아만든배음료,40kcal,,,3223.44kcal
2024-07-13(토),치아바타샌드위치,515.85kcal,대패삼겹볶음밥,638kcal,밥,355kcal,,,2988.80kcal
2024-07-13(토),지마구튀김,160kcal,우동국물,61.41kcal,배추된장국,76.68kcal,,,2988.80kcal
2024-07-13(토),흰우유,65kcal,단호박샐러드,106.8kcal,마늘삼겹살구이,514.06kcal,,,2988.80kcal
2024-07-13(토),,,롤케익,307.2kcal,콩나물무침,30.37kcal,,,2988.80kcal
2024-07-13(토),,,배추김치,15.2kcal,상추쌈,10.53kcal,,,2988.80kcal
2024-07-13(토),,,콜라,117.5kcal,배추김치,15.2kcal,,,2988.80kcal
2024-07-14(일),밥,355kcal,밥,355kcal,밥,355kcal,,,3727.59kcal
2024-07-14(일),김치수제비국,236.93kcal,순두부찌개,115.63kcal,닭볶음탕,403.2kcal,,,3727.59kcal
2024-07-14(일),스팸구이,499.5kcal,돼지간장불고기,240.98kcal,크림청양함박스테이크,775.79kcal,,,3727.59kcal
2024-07-14(일),스크램블에그,145.13kcal,감자조림,82.21kcal,상추겉절이,18.82kcal,,,3727.59kcal
2024-07-14(일),깍두기,0kcal,배추김치,15.2kcal,배추김치,15.2kcal,,,3727.59kcal
2024-07-14(일),흰우유,65kcal,,,파인애플에이드,49kcal,,,3727.59kcal
2024-07-15(월),오므라이스,1081.98kcal,밥,355kcal,참치마요덮밥,698.53kcal,,,3984.77kcal
2024-07-15(월),쑥갓어묵국,66.6kcal,반계탕,451.42kcal,유부된장국,34.19kcal,,,3984.77kcal
2024-07-15(월),알감자구이,242.85kcal,김치전,395kcal,토네이도핫도그,397kcal,,,3984.77kcal
2024-07-15(월),파인애플샐러드,38.16kcal,모듬야채&쌈장,19.08kcal,실곤약야채무침,31.56kcal,,,3984.77kcal
2024-07-15(월),배추김치,15.2kcal,석박지,22.8kcal,배추김치,15.2kcal,,,3984.77kcal
2024-07-15(월),흰우유,65kcal,수박,55.2kcal,,,,,3984.77kcal
2024-07-16(화),밥,355kcal,흑미밥,373.75kcal,밥,355kcal,,,3955.40kcal
2024-07-16(화),황태채미역국,23.23kcal,우렁된장찌개,83.11kcal,돼지고기고추장찌개,106.88kcal,,,3955.40kcal
2024-07-16(화),두부김치,219.49kcal,삼겹모듬캠핑구이,637.98kcal,고구마치즈돈가스,743kcal,,,3955.40kcal
2024-07-16(화),꽈리고추메추리알장조림,12.65kcal,상추쌈,10.53kcal,뿌링클웨지감자,477kcal,,,3955.40kcal
2024-07-16(화),가공우유,194kcal,콩나물무침,30.37kcal,만다린샐러드,79.66kcal,,,3955.40kcal
2024-07-16(화),총각김치,0kcal,보쌈김치,48.55kcal,배추김치,15.2kcal,,,3955.40kcal
2024-07-16(화),,,,,식혜,190kcal,,,3955.40kcal
2024-07-17(수),또띠아치킨랩,675.03kcal,소보로비빔밥,542.56kcal,밥,355kcal,,,3504.88kcal
2024-07-17(수),프로틴바,0kcal,순두부찌개,115.63kcal,짬뽕찌개,77.88kcal,,,3504.88kcal
2024-07-17(수),야채샐러드,93.71kcal,갈치순살튀김,388.1kcal,고추잡채&꽃빵,420.17kcal,,,3504.88kcal
2024-07-17(수),마시는 발효유,,오이파프리카무침,6.6kcal,맛초킹탕수육,495kcal,,,3504.88kcal
2024-07-17(수),흰우유,65kcal,총각김치,0kcal,배추김치,15.2kcal,,,3504.88kcal
2024-07-17(수),,,,,"아이스크림, 팩형",255kcal,,,3504.88kcal
2024-07-18(목),밥,355kcal,아라비아따스파게티,478.29kcal,베이컨김치볶음밥,652.71kcal,,,3967.31kcal
2024-07-18(목),물만둣국,326.2kcal,무&비트피클,18kcal,우동국물,61.41kcal,,,3967.31kcal
2024-07-18(목),소불고기버섯볶음,292.57kcal,마늘빵,94.5kcal,치즈롤까스,525kcal,,,3967.31kcal
2024-07-18(목),양념깻잎지무침,120kcal,케이준라페샐러드,239.5kcal,비빔만두,373.73kcal,,,3967.31kcal
2024-07-18(목),가공우유,282.5kcal,배추김치,15.2kcal,깍두기,0kcal,,,3967.31kcal
2024-07-18(목),배추김치,15.2kcal,콜라,117.5kcal,,,,,3967.31kcal
2024-07-19(금),밥,355kcal,잡곡밥,387.65kcal,밥,355kcal,,,2719.01kcal
2024-07-19(금),쇠고기당면국,71.46kcal,콩나물국,27.72kcal,부대찌개,187.63kcal,,,2719.01kcal
2024-07-19(금),멸치볶음,85.16kcal,낙지볶음,173.69kcal,돈육고추장볶음,276.89kcal,,,2719.01kcal
2024-07-19(금),언양식바싹불고기파채,364.76kcal,계란찜,116.67kcal,청포묵김가루무침,39.34kcal,,,2719.01kcal
2024-07-19(금),맛김,28kcal,무생채,17.64kcal,총각김치,0kcal,,,2719.01kcal
2024-07-19(금),배추김치,15.2kcal,배추김치,15.2kcal,멜론,72kcal,,,2719.01kcal
2024-07-19(금),맛있는 두유GT 달콤한맛,130kcal,,,,,,,2719.01kcal
2024-07-20(토),불고기베이컨치즈버거,743.83kcal,제육덮밥,372.32kcal,밥,355kcal,,,2884.33kcal
2024-06-23(일),물만둣국,355.54kcal,쑥갓어묵국,81.3kcal,닭볶음탕,403.1kcal,,,3464.41kcal
2024-06-23(일),소불고기,155.47kcal,고구마치즈돈가스,743kcal,쇠고기미역국,53.22kcal,,,3464.41kcal
2024-06-23(일),오징어젓무침,41.22kcal,꼬들단무지무침,18.41kcal,애호박나물,53.91kcal,,,3464.41kcal
2024-06-23(일),배추김치,15.2kcal,배추김치,15.2kcal,고구마고로케,522.1kcal,,,3464.41kcal
2024-06-23(일),백색우유,65kcal,짜먹는 발효유,,총각김치,16.4kcal,,,3464.41kcal
2024-06-24(월),밥,300kcal,밥,300kcal,소보로비빔밥,578.78kcal,,,3699.47kcal
2024-06-24(월),꼬리곰탕,260.53kcal,순두부찌개,126.09kcal,우동국물,61.41kcal,,,3699.47kcal
2024-06-24(월),데리야끼산적조림,287.28kcal,매콤새송이버섯볶음,78.22kcal,마늘안심닭강정,491.83kcal,,,3699.47kcal
2024-06-24(월),오이양파장아찌,15.59kcal,바베큐폭립,756kcal,쪽파락교무침,29.44kcal,,,3699.47kcal
2024-06-24(월),깍두기,25.6kcal,열대과일샐러드,63.3kcal,배추김치,15.2kcal,,,3699.47kcal
2024-06-24(월),백색우유,65kcal,배추김치,15.2kcal,식혜,190kcal,,,3699.47kcal
2024-06-24(월),,,"해태에이치티비,갈아만든배,238ml",40kcal,,,,,3699.47kcal
2024-06-25(화),밥,300kcal,흑미밥,318.75kcal,밥,300kcal,,,2314.60kcal
2024-06-25(화),조갯살미역국,29.88kcal,청국장찌개,103.99kcal,사골설렁탕,206.61kcal,,,2314.60kcal
2024-06-25(화),두부김치,202.62kcal,멸치볶음,86.95kcal,생선가스&콘소스,325.62kcal,,,2314.60kcal
2024-06-25(화),계란말이,48kcal,우삼겹숙주찜/칠리소스,31.06kcal,양념고추지,37.2kcal,,,2314.60kcal
2024-06-25(화),가공우유,194kcal,오이고추된장무침,25.96kcal,석박지,14.76kcal,,,2314.60kcal
2024-06-25(화),깍두기,25.6kcal,깍두기,25.6kcal,참외,38kcal,,,2314.60kcal
2024-06-26(수),황도샐러드,82.97kcal,밥,300kcal,족발덮밥,811.06kcal,,,3554.63kcal
2024-06-26(수),참치옥수수샌드위치,597.26kcal,나가사끼짬뽕찌개,168.04kcal,팽이버섯두부국,55.17kcal,,,3554.63kcal
2024-06-26(수),프로틴바,0kcal,마파두부,163.64kcal,치즈함박스테이크,430kcal,,,3554.63kcal
2024-06-26(수),"농심,카프리썬사과,200ml",60kcal,찹쌀꿔바로우,615.39kcal,단무지무침,10.36kcal,,,3554.63kcal
2024-06-26(수),백색우유,65kcal,갈비만두찜,110.14kcal,배추김치,15.2kcal,,,3554.63kcal
2024-06-26(수),,,배추김치,15.2kcal,,,,,3554.63kcal
2024-06-26(수),,,수박,55.2kcal,,,,,3554.63kcal
2024-06-27(목),스팸김치덮밥,820.82kcal,물냉면,788.68kcal,밥,300kcal,,,4010.12kcal
2024-06-27(목),쇠고기당면국,83.11kcal,추가밥,180kcal,얼큰쇠고기무국,53.41kcal,,,4010.12kcal
2024-06-27(목),부추계란볶음,112.64kcal,짜조/칠리소스,284kcal,햄슬라이스야채볶음,134.71kcal,,,4010.12kcal
2024-06-27(목),시금치무침,18.37kcal,바싹불고기,268.08kcal,순살닭다리살튀김,625kcal,,,4010.12kcal
2024-06-27(목),가공우유,282.5kcal,파인애플스틱,2kcal,배추김치,15.2kcal,,,4010.12kcal
2024-06-27(목),깍두기,25.6kcal,열무김치,16kcal,오렌지나무,,,,4010.12kcal
2024-06-28(금),오므라이스,949.98kcal,밥,300kcal,차슈덮밥,750.96kcal,,,3952.13kcal
2024-06-28(금),콩나물국,29.53kcal,순댓국,407.14kcal,파송송계란국,59.75kcal,,,3952.13kcal
2024-06-28(금),치즈소시지구이,0kcal,순살삼치구이,202.55kcal,통살새우볼,938.9kcal,,,3952.13kcal
2024-06-28(금),단호박샐러드,89kcal,매콤계란조림,151.06kcal,무생채,17.57kcal,,,3952.13kcal
2024-06-28(금),배추김치,15.2kcal,양파부추겉절이,10.53kcal,배추김치,15.2kcal,,,3952.13kcal
2024-06-28(금),삼육두유 파우치190ml,,석박지,14.76kcal,,,,,3952.13kcal
2024-06-29(토),버팔로봉,360kcal,대게&랍스타볶음밥,674kcal,밥,300kcal,,,3245.57kcal
2024-06-29(토),팬케이크,771kcal,배추된장국,89.11kcal,만두육개장,315.89kcal,,,3245.57kcal
2024-06-29(토),백색우유,65kcal,스크램블에그,145.23kcal,감자채피망볶음,68.76kcal,,,3245.57kcal
2024-06-29(토),,,실곤약분짜샐러드,165.18kcal,돈육장조림,189kcal,,,3245.57kcal
2024-06-29(토),,,배추김치,15.2kcal,배추김치,15.2kcal,,,3245.57kcal
2024-06-29(토),,,티즐스파클링피치우롱티,,멜론,72kcal,,,3245.57kcal
2024-06-30(일),밥,300kcal,밥,300kcal,불닭덮밥,566.29kcal,,,3169.72kcal
2024-06-30(일),꼬꼬떡국,357.03kcal,부대찌개,194.86kcal,황태해장국,70.47kcal,,,3169.72kcal
2024-06-30(일),쇠고기버섯볶음,193.92kcal,훈제오리파프리카볶음,339.83kcal,코코넛새우튀김,438kcal,,,3169.72kcal
2024-06-30(일),어묵채볶음,94.81kcal,잡채,194.81kcal,오이파프리카무침,6.7kcal,,,3169.72kcal
2024-06-30(일),배추김치,15.2kcal,총각김치,16.4kcal,총각김치,16.4kcal,,,3169.72kcal
2024-06-30(일),백색우유,65kcal,바나나,,,,,,
2024-07-01(월),밥,355kcal,잡곡밥,387.65kcal,밥,355kcal,,,3439.48kcal
2024-07-01(월),쇠고기미역국,52.49kcal,김치찌개,104.79kcal,감자탕,417.12kcal,,,3439.48kcal
2024-07-01(월),돼지고기김치볶음,235.96kcal,흑돼지돈가스,746.5kcal,쇠고기버섯볶음,292.57kcal,,,3439.48kcal
2024-07-01(월),오징어젓무침,34.82kcal,계란찜,116.67kcal,애호박나물,55.83kcal,,,3439.48kcal
2024-07-01(월),깍두기,0kcal,가지무침,14.88kcal,배추김치,15.2kcal,,,3439.48kcal
2024-07-01(월),흰우유,65kcal,총각김치,0kcal,식혜,190kcal,,,3439.48kcal
2024-07-02(화),밥,355kcal,흑미밥,373.75kcal,밥,355kcal,,,3152.32kcal
2024-07-02(화),사골떡만둣국,404.03kcal,명태매운탕,106.29kcal,닭곰탕,179.29kcal,,,3152.32kcal
2024-07-02(화),메추리알장조림,284kcal,나쵸치킨,297kcal,비엔나소시지케찹볶음,307.6kcal,,,3152.32kcal
2024-07-02(화),미나리나물,14.31kcal,감자조림,82.21kcal,오징어숙회/초고추장,140.94kcal,,,3152.32kcal
2024-07-02(화),가공우유,82.5kcal,배추김치,15.2kcal,깍두기,0kcal,,,3152.32kcal
2024-07-02(화),배추김치,15.2kcal,에너지음료,140kcal,,,,,3152.32kcal
2024-07-03(수),불고기핫도그,485.31kcal,달걀케첩볶음밥,568.1kcal,스팸마요덮밥,987.73kcal,,,3666.84kcal
2024-07-03(수),야채샐러드,93.71kcal,짬뽕찌개,77.88kcal,유부된장국,34.19kcal,,,3666.84kcal
2024-07-03(수),딸기파이패스츄리,150kcal,군만두,356.07kcal,코코넛새우튀김,438kcal,,,3666.84kcal
2024-07-03(수),흰우유,65kcal,꼬들단무지무침,18.45kcal,무말랭이무침,60kcal,,,3666.84kcal
2024-07-03(수),짜먹는 발효유,,짜장소스,264kcal,배추김치,15.2kcal,,,3666.84kcal
2024-07-03(수),,,배추김치,15.2kcal,,,,,3666.84kcal
2024-07-03(수),,,참외,38kcal,,,,,3666.84kcal
2024-07-04(목),밥,355kcal,삼각주먹밥,195kcal,밥,355kcal,,,2704.92kcal
2024-07-04(목),쇠고기당면국,71.46kcal,골뱅이쫄면,42.51kcal,사골우거지국,186.44kcal,,,2704.92kcal
2024-07-04(목),감자채피망볶음,68.61kcal,우동국물,61.41kcal,두부조림,90.1kcal,,,2704.92kcal
2024-07-04(목),마파두부,163.52kcal,야채튀김,248.3kcal,또띠아,170.4kcal,,,2704.92kcal
2024-07-04(목),가공우유,194kcal,열무김치,0kcal,닭순살샐러드,237.97kcal,,,2704.92kcal
2024-07-04(목),깍두기,0kcal,"아이스크림,튜브형",250kcal,배추김치,15.2kcal,,,2704.92kcal
2024-07-05(금),장조림버터밥,804.66kcal,밥,355kcal,밥,355kcal,,,3669.39kcal
2024-07-05(금),얼큰어묵국,65.98kcal,돼지국밥,376.48kcal,쇠고기감자국,69.07kcal,,,3669.39kcal
2024-07-05(금),햄슬라이스야채볶음,134.41kcal,함박스테이크,653kcal,돈육김치찜,156.99kcal,,,3669.39kcal
2024-07-05(금),양념깻잎지무침,120kcal,낙지젓,32.07kcal,동그랑땡&케첩,275.5kcal,,,3669.39kcal
2024-07-05(금),배추김치,15.2kcal,석박지,22.8kcal,오이양파무침,14.43kcal,,,3669.39kcal
2024-07-05(금),맛있는 두유GT 달콤한맛,130kcal,,,총각김치,0kcal,,,3669.39kcal
2024-07-05(금),,,,,이온음료,88.8kcal,,,3669.39kcal
2024-07-06(토),핫치킨버거,1010.55kcal,카레밥,513.4kcal,데리야끼삼겹살덮밥,876.09kcal,,,3623.43kcal
2024-07-06(토),뿌링클웨지감자,477kcal,김치국,22.78kcal,콩나물국,27.72kcal,,,3623.43kcal
2024-07-06(토),흰우유,65kcal,베이비슈,72kcal,생선가스&콘소스,325.58kcal,,,3623.43kcal
2024-06-09(일),배추김치,15.2kcal,깍두기,25.6kcal,배추김치,15.2kcal,,,2807.97kcal
2024-06-09(일),백색우유,65kcal,"청포도에이드, 80mL/개",50kcal,,,,,2807.97kcal
2024-06-10(월),밥,300kcal,밥,300kcal,밥,300kcal,,,3327.92kcal
2024-06-10(월),삼색수제비국,229.89kcal,쑥갓어묵국,81.3kcal,부대찌개,194.86kcal,,,3327.92kcal
2024-06-10(월),춘천닭갈비,92.82kcal,매운족발볶음,516.78kcal,순살닭다리살튀김,625kcal,,,3327.92kcal
2024-06-10(월),너비아니구이&부추무침,419.5kcal,참치두부조림,115.94kcal,오이고추된장무침,25.96kcal,,,3327.92kcal
2024-06-10(월),배추김치,15.2kcal,숙주나물무침,14.07kcal,총각김치,16.4kcal,,,3327.92kcal
2024-06-10(월),백색우유,65kcal,배추김치,15.2kcal,오렌지나무,,,,3327.92kcal
2024-06-11(화),밥,300kcal,김가루밥,310.73kcal,잡곡밥,332.65kcal,,,3871.51kcal
2024-06-11(화),유부주머니탕,331.85kcal,망향식물비빔국수,477.5kcal,쇠고기무국,54.34kcal,,,3871.51kcal
2024-06-11(화),돈육피망볶음,276.4kcal,우동국물,61.41kcal,애호박나물,53.91kcal,,,3871.51kcal
2024-06-11(화),스팸구이,499.5kcal,수수부꾸미,582kcal,오삼불고기,497.99kcal,,,3871.51kcal
2024-06-11(화),가공우유,282.5kcal,멕시칸샐러드,241.76kcal,배추김치,15.2kcal,,,3871.51kcal
2024-06-11(화),배추김치,15.2kcal,백김치,7.5kcal,,,,,3871.51kcal
2024-06-12(수),햄치즈샌드위치,601.39kcal,밥,300kcal,밥,300kcal,,,3216.26kcal
2024-06-12(수),소금빵,180.6kcal,얼큰쇠고기무국,53.41kcal,콩나물국,29.53kcal,,,3216.26kcal
2024-06-12(수),야채샐러드,93.91kcal,흑돼지돈가스,707.5kcal,어묵채볶음,94.81kcal,,,3216.26kcal
2024-06-12(수),백색우유,65kcal,가지무침,16.37kcal,두부김치,202.62kcal,,,3216.26kcal
2024-06-12(수),콜라,117.5kcal,연두부양념장,358.29kcal,상추쌈,10.53kcal,,,3216.26kcal
2024-06-12(수),,,배추김치,15.2kcal,깍두기,25.6kcal,,,3216.26kcal
2024-06-12(수),,,"웅진식품,가야농장 제주감귤,340ml",44kcal,,,,,3216.26kcal
2024-06-13(목),밥,300kcal,열무비빔밥,488.42kcal,잡곡밥,332.65kcal,,,3999.23kcal
2024-06-13(목),조갯살미역국,29.88kcal,홍합탕,27.14kcal,호박고추장찌개,40.92kcal,,,3999.23kcal
2024-06-13(목),돈육고추장볶음,260.95kcal,누들떡볶이,304.5kcal,매운돼지갈비찜,524.11kcal,,,3999.23kcal
2024-06-13(목),비엔나소시지케찹볶음,343.6kcal,김말이튀김&고추튀김,363.11kcal,베이컨계란찜,186.82kcal,,,3999.23kcal
2024-06-13(목),가공우유,194kcal,배추김치,15.2kcal,배추김치,15.2kcal,,,3999.23kcal
2024-06-13(목),배추김치,15.2kcal,대추방울토마토,13.6kcal,피크닉청포도주스,75kcal,,,3999.23kcal
2024-06-14(금),햄김치볶음밥,519.76kcal,흑미밥,318.75kcal,밥,300kcal,,,3494.91kcal
2024-06-14(금),감자옹심이국,299.29kcal,사골우거지국,186.44kcal,김치찌개,80.41kcal,,,3494.91kcal
2024-06-14(금),스크램블에그,145.23kcal,치킨너겟,649.5kcal,닭다리튀김,524.5kcal,,,3494.91kcal
2024-06-14(금),파인애플샐러드,38.16kcal,무생채,17.57kcal,동그랑땡&케첩,275.5kcal,,,3494.91kcal
2024-06-14(금),배추김치,15.2kcal,배추김치,15.2kcal,총각김치,16.4kcal,,,3494.91kcal
2024-06-14(금),삼육두유 파우치190ml,,"웅진식품,파인애플에이드,190ml",49kcal,"웅진식품,가야농장 제주감귤,340ml",44kcal,,,3494.91kcal
2024-06-15(토),대만식샌드위치,202.4kcal,투움바파스타,440.11kcal,참치마요덮밥,642.16kcal,,,2564.52kcal
2024-06-15(토),에그타르트,75kcal,쇠고기스프,63kcal,게맛살계란국,60.92kcal,,,2564.52kcal
2024-06-15(토),백색우유,65kcal,닭꼬치,123.2kcal,모짜렐라치즈핫도그,201.4kcal,,,2564.52kcal
2024-06-15(토),,,만다린샐러드,87.66kcal,콩나물무침,30.47kcal,,,2564.52kcal
2024-06-15(토),,,무&비트피클,18kcal,배추김치,15.2kcal,,,2564.52kcal
2024-06-15(토),,,사이다,350kcal,식혜,190kcal,,,2564.52kcal
2024-06-16(일),밥,300kcal,밥,300kcal,밥,300kcal,,,4160.42kcal
2024-06-16(일),양지수육곰탕,321.6kcal,순두부찌개,126.09kcal,얼큰어묵국,80.31kcal,,,4160.42kcal
2024-06-16(일),꽈리고추메추리알장조림,428.51kcal,돼지고기청경채볶음,232.23kcal,슈바인학센순살,1249.6kcal,,,4160.42kcal
2024-06-16(일),오징어젓무침,41.22kcal,양배추쌈&저염쌈장,34.46kcal,해물파전,555kcal,,,4160.42kcal
2024-06-16(일),깍두기,25.6kcal,깍두기,25.6kcal,무말랭이무침,60kcal,,,4160.42kcal
2024-06-16(일),백색우유,65kcal,떠먹는 발효유,,배추김치,15.2kcal,,,4160.42kcal
2024-06-17(월),밥,300kcal,흑미밥,318.75kcal,밥,300kcal,,,2462.45kcal
2024-06-17(월),황태해장국,70.47kcal,오징어무국,73.84kcal,쇠고기미역국,53.22kcal,,,2462.45kcal
2024-06-17(월),쇠고기떡볶음,216.17kcal,하와이안찹스테이크,248.08kcal,닭고기김치찜,341.55kcal,,,2462.45kcal
2024-06-17(월),맛김,0kcal,감자조림,82.31kcal,고구마조림,242.29kcal,,,2462.45kcal
2024-06-17(월),두부조림,90.36kcal,배추김치,15.2kcal,오이부추무침,13.61kcal,,,2462.45kcal
2024-06-17(월),배추김치,15.2kcal,,,총각김치,16.4kcal,,,2462.45kcal
2024-06-17(월),백색우유,65kcal,,,사과나무,,,,2462.45kcal
2024-06-18(화),밥,300kcal,데리야끼삼겹살덮밥,870.19kcal,스팸마요덮밥,931.35kcal,,,4335.16kcal
2024-06-18(화),쇠고기육개장,105.99kcal,버섯매운탕,47.1kcal,콩나물국,29.53kcal,,,4335.16kcal
2024-06-18(화),크림청양함박스테이크,775.89kcal,토네이도핫도그,397kcal,지파이,430kcal,,,4335.16kcal
2024-06-18(화),양념깻잎지무침,120kcal,무생채,17.57kcal,쪽파락교무침,29.44kcal,,,4335.16kcal
2024-06-18(화),가공우유,82.5kcal,배추김치,15.2kcal,배추김치,15.2kcal,,,4335.16kcal
2024-06-18(화),배추김치,15.2kcal,에이드,115kcal,참외,38kcal,,,4335.16kcal
2024-06-19(수),또띠아치킨랩,700.53kcal,쇠고기콩나물밥양념간장,364.16kcal,밥,300kcal,,,3642.45kcal
2024-06-19(수),롤케익,307.2kcal,김치어묵국,68.41kcal,돼지국밥,376.48kcal,,,3642.45kcal
2024-06-19(수),구운계란,0kcal,갈치순살튀김,364.2kcal,양파부추겉절이,10.53kcal,,,3642.45kcal
2024-06-19(수),마시는 발효유,,야채고로케,903kcal,오징어숙회/초고추장,140.94kcal,,,3642.45kcal
2024-06-19(수),백색우유,65kcal,총각김치,16.4kcal,깍두기,25.6kcal,,,3642.45kcal
2024-06-20(목),장조림버터밥,748.19kcal,초계국수,609.61kcal,카레덮밥,541.28kcal,,,4250.85kcal
2024-06-20(목),참치김치찌개,121.64kcal,불고기주먹밥,195kcal,짬뽕찌개,91.79kcal,,,4250.85kcal
2024-06-20(목),비엔나소시지야채볶음,369.31kcal,만두탕수,538.08kcal,치즈롤까스,525kcal,,,4250.85kcal
2024-06-20(목),낙지젓,38.43kcal,청포묵김가루무침,38.62kcal,콘샐러드,105kcal,,,4250.85kcal
2024-06-20(목),가공우유,282.5kcal,열무김치,16kcal,배추김치,15.2kcal,,,4250.85kcal
2024-06-20(목),배추김치,15.2kcal,바나나,,,,,,4250.85kcal
2024-06-21(금),밥,300kcal,잡곡밥,332.65kcal,밥,300kcal,,,3016.46kcal
2024-06-21(금),김치수제비국,230.47kcal,키조개미역국,19.43kcal,돼지고기고추장찌개,110.04kcal,,,3016.46kcal
2024-06-21(금),돼지간장불고기,241.16kcal,닭갈비,300.35kcal,짜장떡볶이,287.14kcal,,,3016.46kcal
2024-06-21(금),연근땅콩조림,35.81kcal,김치전,395kcal,돼지고기깻잎볶음,210.74kcal,,,3016.46kcal
2024-06-21(금),깍두기,25.6kcal,숙주나물무침,14.07kcal,총각김치,16.4kcal,,,3016.46kcal
2024-06-21(금),맛있는 두유GT 달콤한맛,130kcal,깍두기,25.6kcal,써니텐파인애플향 250ml,,,,3016.46kcal
2024-06-21(금),,,요구르트,42kcal,,,,,3016.46kcal
2024-06-22(토),베이컨치즈버거,618.63kcal,낙지볶음밥,0kcal,밥,300kcal,,,2715.04kcal
2024-06-22(토),뿌링클감자튀김,301kcal,김치국,22.86kcal,감자양파국,30.4kcal,,,2715.04kcal
2024-06-22(토),백색우유,65kcal,스크램블에그,145.23kcal,삼겹모듬캠핑구이,724.32kcal,,,2715.04kcal
2024-06-22(토),,,믹스베리샐러드,56.93kcal,콩나물무침,30.47kcal,,,2715.04kcal
2024-06-22(토),,,깍두기,25.6kcal,모듬쌈&우렁쌈장,29.4kcal,,,2715.04kcal
2024-06-22(토),,,사이다,350kcal,배추김치,15.2kcal,,,2715.04kcal
2024-06-23(일),밥,300kcal,제육덮밥,325.34kcal,밥,300kcal,,,3464.41kcal
2024-05-27(월),쇠고기미역국,53.85kcal,돼지국밥,376.48kcal,홍합탕,27.14kcal,,,3471.49kcal
2024-05-27(월),쇠고기떡볶음,216.07kcal,닭다리튀김,524.5kcal,치즈롤까스,525kcal,,,3471.49kcal
2024-05-27(월),감자채피망볶음,82.36kcal,양파부추겉절이,10.56kcal,고구마조림,242.29kcal,,,3471.49kcal
2024-05-27(월),맛김,0kcal,석박지,14.76kcal,열대과일샐러드,66.3kcal,,,3471.49kcal
2024-05-27(월),총각김치,1.98kcal,"탄산, 사이다",350kcal,배추김치,15.2kcal,,,3471.49kcal
2024-05-27(월),우유),65kcal,,,,,,,3471.49kcal
2024-05-28(화),밥,300kcal,메밀비빔국수,172.43kcal,밥,300kcal,,,3100.71kcal
2024-05-28(화),삼색수제비국,246.4kcal,김가루밥,315.64kcal,닭개장,88.09kcal,,,3100.71kcal
2024-05-28(화),언양식바싹불고기파채,364.76kcal,우동국물,61.41kcal,돈육고추장볶음,261.78kcal,,,3100.71kcal
2024-05-28(화),부추계란볶음,112.64kcal,마늘보쌈,603.35kcal,양배추쌈&저염쌈장,34.61kcal,,,3100.71kcal
2024-05-28(화),가공우유,194kcal,배추김치,15.2kcal,배추김치,15.2kcal,,,3100.71kcal
2024-05-28(화),배추김치,15.2kcal,,,"사과나무, 150mL",,,,3100.71kcal
2024-05-29(수),핫치킨버거,881.63kcal,밥,300kcal,밥,300kcal,,,3764.02kcal
2024-05-29(수),뿌링클감자튀김,301kcal,우렁된장찌개,88.67kcal,나가사끼짬뽕찌개,168.48kcal,,,3764.02kcal
2024-05-29(수),크로플,142.5kcal,삼겹모듬캠핑구이,724.08kcal,마파두부,164.24kcal,,,3764.02kcal
2024-05-29(수),"마시는 발효유,부대계약",,상추쌈,10.53kcal,깐풍기,516.47kcal,,,3764.02kcal
2024-05-29(수),우유),65kcal,콩나물무침,30.47kcal,배추김치,15.2kcal,,,3764.02kcal
2024-05-29(수),,,보쌈김치,48.55kcal,단무지,7.2kcal,,,3764.02kcal
2024-05-30(목),밥,300kcal,밥,300kcal,밥,300kcal,,,3498.62kcal
2024-05-30(목),감자옹심이국,308.92kcal,쇠고기무국,54.34kcal,순댓국,407.14kcal,,,3498.62kcal
2024-05-30(목),돼지고기깻잎볶음,211.61kcal,등갈비김치찜,464.3kcal,닭갈비,300.97kcal,,,3498.62kcal
2024-05-30(목),꽈리고추메추리알장조림,428.51kcal,가쓰오계란말이,135.46kcal,오이고추된장무침,25.86kcal,,,3498.62kcal
2024-05-30(목),가공우유,82.5kcal,연근땅콩조림,35.81kcal,깍두기,25.6kcal,,,3498.62kcal
2024-05-30(목),배추김치,15.2kcal,깍두기,25.6kcal,,,,,3498.62kcal
2024-05-30(목),,,바나나,76.8kcal,,,,,3498.62kcal
2024-05-31(금),베이컨김치덮밥,699.19kcal,잡곡밥,332.65kcal,일본식 목심덮밥,742.87kcal,,,3407.24kcal
2024-05-31(금),콩나물국,29.61kcal,부대찌개,195.18kcal,쑥갓어묵국,89.25kcal,,,3407.24kcal
2024-05-31(금),비엔나소시지야채볶음,369.46kcal,순살고등어구이,218.2kcal,갈비만두찜,110.18kcal,,,3407.24kcal
2024-05-31(금),맛김,0kcal,실곤약분짜샐러드,165.18kcal,만다린샐러드,95.46kcal,,,3407.24kcal
2024-05-31(금),스크램블에그,145.23kcal,총각김치,1.98kcal,배추김치,15.2kcal,,,3407.24kcal
2024-05-31(금),가공우유,122kcal,,,"상온주스, 대상, 청포도에이드, 80mL/개",50kcal,,,3407.24kcal
2024-05-31(금),깍두기,25.6kcal,,,,,,,3407.24kcal
2024-06-01(토),카츠샌드위치,1024.24kcal,통새우볶음밥,535kcal,제육덮밥,325.34kcal,,,3533.46kcal
2024-06-01(토),믹스베리샐러드,56.93kcal,팽이버섯두부국,55.17kcal,감자양파국,30.4kcal,,,3533.46kcal
2024-06-01(토),백색우유,65kcal,버팔로봉,360kcal,야채고로케,903kcal,,,3533.46kcal
2024-06-01(토),,,오이양파무침,14.54kcal,실곤약야채무침,15.94kcal,,,3533.46kcal
2024-06-01(토),,,배추김치,15.2kcal,배추김치,15.2kcal,,,3533.46kcal
2024-06-01(토),,,콜라,117.5kcal,,,,,3533.46kcal
2024-06-02(일),전복죽,0kcal,밥,300kcal,잡곡밥,332.65kcal,,,2516.13kcal
2024-06-02(일),맛김,0kcal,김치찌개,80.41kcal,쇠고기미역국,53.22kcal,,,2516.13kcal
2024-06-02(일),매콤계란조림,151.06kcal,마늘삼겹살구이,637.36kcal,잡채,194.81kcal,,,2516.13kcal
2024-06-02(일),무말랭이무침,60kcal,콩나물무침,30.47kcal,분모자로제찜닭,439.02kcal,,,2516.13kcal
2024-06-02(일),배추김치,15.2kcal,상추쌈,10.53kcal,배추김치,15.2kcal,,,2516.13kcal
2024-06-02(일),백색우유,65kcal,배추김치,15.2kcal,과일푸딩,116kcal,,,2516.13kcal
2024-06-03(월),밥,300kcal,검은콩밥,333.04kcal,밥,300kcal,,,2910.45kcal
2024-06-03(월),감자짜글이,211.22kcal,얼큰어묵국,80.31kcal,돼지국밥,376.48kcal,,,2910.45kcal
2024-06-03(월),동그랑땡&케첩,275.5kcal,장어강정,130.4kcal,데리야끼산적조림,287.28kcal,,,2910.45kcal
2024-06-03(월),오징어젓무침,41.22kcal,치즈소시지구이,0kcal,양파부추겉절이,10.53kcal,,,2910.45kcal
2024-06-03(월),깍두기,25.6kcal,야채샐러드,93.91kcal,석박지,14.76kcal,,,2910.45kcal
2024-06-03(월),백색우유,65kcal,배추김치,15.2kcal,,,,,2910.45kcal
2024-06-03(월),,,사이다,350kcal,,,,,2910.45kcal
2024-06-04(화),밥,300kcal,추가밥,180kcal,스팸마요덮밥,931.35kcal,,,4414.15kcal
2024-06-04(화),물만둣국,355.54kcal,냉모밀,244.33kcal,우동국물,61.41kcal,,,4414.15kcal
2024-06-04(화),함박스테이크,653kcal,찹쌀꿔바로우,615.39kcal,훈제닭다리,675kcal,,,4414.15kcal
2024-06-04(화),시금치무침,18.37kcal,락교,27.9kcal,꼬들단무지무침,18.41kcal,,,4414.15kcal
2024-06-04(화),가공우유,194kcal,파김치,20.25kcal,배추김치,15.2kcal,,,4414.15kcal
2024-06-04(화),배추김치,15.2kcal,,,이온음료,88.8kcal,,,4414.15kcal
2024-06-05(수),모닝빵&와플,410.1kcal,달걀케첩볶음밥,511.46kcal,밥,300kcal,,,3008.51kcal
2024-06-05(수),브리또,0kcal,도토리묵냉국,73.22kcal,순두부찌개,126.09kcal,,,3008.51kcal
2024-06-05(수),콘샐러드,105kcal,고추잡채&꽃빵,416.41kcal,뿌링클치킨,630.5kcal,,,3008.51kcal
2024-06-05(수),백색우유,65kcal,짜장소스,208.42kcal,감자조림,82.31kcal,,,3008.51kcal
2024-06-05(수),"커피음료,아메리카노",,깍두기,25.6kcal,총각김치,16.4kcal,,,3008.51kcal
2024-06-05(수),,,참외,38kcal,,,,,3008.51kcal
2024-06-06(목),밥,300kcal,배추된장국,89.11kcal,흑미밥,318.75kcal,,,3353.49kcal
2024-06-06(목),돼지고기고추장찌개,110.04kcal,치킨마크니커리,637.13kcal,우렁된장찌개,82.56kcal,,,3353.49kcal
2024-06-06(목),쇠고기버섯볶음,193.92kcal,소떡소떡,196kcal,돼지고기깻잎볶음,210.74kcal,,,3353.49kcal
2024-06-06(목),멸치볶음,86.95kcal,황도샐러드,82.97kcal,계란찜,116.82kcal,,,3353.49kcal
2024-06-06(목),가공우유,82.5kcal,깍두기,25.6kcal,배추김치,15.2kcal,,,3353.49kcal
2024-06-06(목),배추김치,15.2kcal,에너지음료,540kcal,"아이스크림,튜브형",250kcal,,,3353.49kcal
2024-06-07(금),밥,300kcal,잡곡밥,332.65kcal,밥,300kcal,,,2792.37kcal
2024-06-07(금),사골우거지국,186.44kcal,감자탕,333.51kcal,사골설렁탕,206.61kcal,,,2792.37kcal
2024-06-07(금),미트볼케찹조림,232.66kcal,순살고등어구이,218.2kcal,김치전,395kcal,,,2792.37kcal
2024-06-07(금),낙지젓,38.43kcal,청포묵김가루무침,38.62kcal,상추겉절이,13.85kcal,,,2792.37kcal
2024-06-07(금),배추김치,15.2kcal,깍두기,25.6kcal,깍두기,25.6kcal,,,2792.37kcal
2024-06-07(금),맛있는 두유GT 달콤한맛,130kcal,사과나무,,,,,,2792.37kcal
2024-06-08(토),핫치킨버거,901.55kcal,대패삼겹볶음밥,638kcal,밥,300kcal,,,3131.52kcal
2024-06-08(토),구운계란,0kcal,콩나물김치국,27.6kcal,쇠고기감자국,69.17kcal,,,3131.52kcal
2024-06-08(토),백색우유,65kcal,분모자떡볶이,401.87kcal,가쓰오계란말이,135.46kcal,,,3131.52kcal
2024-06-08(토),,,크림슈,72kcal,돈육김치찜,311.37kcal,,,3131.52kcal
2024-06-08(토),,,깍두기,25.6kcal,총각김치,16.4kcal,,,3131.52kcal
2024-06-08(토),,,콜라,117.5kcal,"웅진식품, 자연은요거풋풋젤로&사과, 100mL",50kcal,,,3131.52kcal
2024-06-09(일),밥,300kcal,밥,300kcal,밥,300kcal,,,2807.97kcal
2024-06-09(일),쇠고기장터국,53.89kcal,순댓국,407.14kcal,황태해장국,70.47kcal,,,2807.97kcal
2024-06-09(일),고깃집맛소금구이,440kcal,베이컨야채볶음,184.7kcal,소불고기,155.47kcal,,,2807.97kcal
2024-06-09(일),순두부양념장,52.92kcal,골뱅이야채무침,88.75kcal,떡갈비조림,283.63kcal,,,2807.97kcal
2024-05-02(목),감자양파국,41.72kcal,추가밥,180kcal,쇠고기무국,54.34kcal,,,3483.98kcal
2024-05-02(목),햄슬라이스야채볶음,164.11kcal,타코야끼,319.46kcal,고구마치즈돈가스,743kcal,,,3483.98kcal
2024-05-02(목),마늘쫑고추장무침,39.12kcal,락교,27.9kcal,오징어초무침,146.53kcal,,,3483.98kcal
2024-05-02(목),가공우유,282.5kcal,배추김치,15.2kcal,배추김치,15.2kcal,,,3483.98kcal
2024-05-02(목),깍두기,25.6kcal,식혜,190kcal,,,,,3483.98kcal
2024-05-03(금),밥,300kcal,떡갈비비빔밥,709.9kcal,검은콩밥,333.04kcal,,,3405.65kcal
2024-05-03(금),얼큰어묵국,88.38kcal,버섯매운탕,48.28kcal,김치찌개,80.63kcal,,,3405.65kcal
2024-05-03(금),돈육피망볶음,276.35kcal,누들떡볶이,310.12kcal,순대야채볶음,251.25kcal,,,3405.65kcal
2024-05-03(금),스팸구이,499.5kcal,오징어젓무침,41.26kcal,베이컨감자채볶음,232.56kcal,,,3405.65kcal
2024-05-03(금),맛김,0kcal,배추김치,15.2kcal,크림슈,72kcal,,,3405.65kcal
2024-05-03(금),배추김치,15.2kcal,,,총각김치,1.98kcal,,,3405.65kcal
2024-05-03(금),맛있는 두유GT 달콤한맛,130kcal,,,,,,,3405.65kcal
2024-05-04(토),햄치즈에그버거,533.88kcal,제육덮밥,325.42kcal,햄김치볶음밥,519.56kcal,,,2965.16kcal
2024-05-04(토),훈제닭가슴살,0kcal,우동국물,61.41kcal,유부주머니탕,268.98kcal,,,2965.16kcal
2024-05-04(토),우유),65kcal,피자,340kcal,데리야끼산적조림,287.23kcal,,,2965.16kcal
2024-05-04(토),"탄산, 사이다",350kcal,무&비트피클,18kcal,스크램블에그,145.23kcal,,,2965.16kcal
2024-05-04(토),,,배추김치,15.2kcal,꼬들단무지무침,18.45kcal,,,2965.16kcal
2024-05-04(토),,,,,백김치,16.8kcal,,,2965.16kcal
2024-05-05(일),쇠고기버섯죽,425.02kcal,밥,300kcal,밥,300kcal,,,3279.12kcal
2024-05-05(일),맛김,0kcal,쇠고기감자국,80.09kcal,배추된장국,88.37kcal,,,3279.12kcal
2024-05-05(일),돈육계란장조림,152.12kcal,매운족발볶음,386.78kcal,마늘삼겹살구이,637.16kcal,,,3279.12kcal
2024-05-05(일),낙지젓,38.47kcal,가쓰오계란말이,135.46kcal,상추쌈,10.53kcal,,,3279.12kcal
2024-05-05(일),배추김치,15.2kcal,무말랭이무침,39kcal,콩나물무침,30.47kcal,,,3279.12kcal
2024-05-05(일),우유),65kcal,배추김치,15.2kcal,파김치,20.25kcal,,,3279.12kcal
2024-05-05(일),,,에너지음료,540kcal,,,,,3279.12kcal
2024-05-06(월),밥,300kcal,흑미밥,318.75kcal,검은콩밥,333.04kcal,,,3855.98kcal
2024-05-06(월),돼지국밥,376.48kcal,순두부찌개,126.62kcal,감자짜글이,236.08kcal,,,3855.98kcal
2024-05-06(월),고깃집맛소금구이,440kcal,매콤새송이버섯볶음,76.2kcal,대왕오징어튀김,337.43kcal,,,3855.98kcal
2024-05-06(월),양파부추겉절이,10.56kcal,치킨너겟,649.5kcal,계란찜,116.77kcal,,,3855.98kcal
2024-05-06(월),석박지,14.76kcal,돈육김치찜,311.21kcal,총각김치,1.98kcal,,,3855.98kcal
2024-05-06(월),우유),65kcal,깍두기,25.6kcal,"과일푸딩,부대계약",116kcal,,,3855.98kcal
2024-05-07(화),밥,300kcal,추가밥,180kcal,밥,300kcal,,,3189.21kcal
2024-05-07(화),감자옹심이국,308.92kcal,냉모밀,306.84kcal,돼지고기고추장찌개,117.05kcal,,,3189.21kcal
2024-05-07(화),돼지고기콩나물볶음,217.79kcal,바싹불고기,276.93kcal,치즈롤까스,525kcal,,,3189.21kcal
2024-05-07(화),멸치볶음,86.95kcal,갈비만두찜,110.18kcal,감자조림,104.15kcal,,,3189.21kcal
2024-05-07(화),가공우유,194kcal,열무김치,16kcal,배추김치,15.2kcal,,,3189.21kcal
2024-05-07(화),배추김치,15.2kcal,에이드,115kcal,,,,,3189.21kcal
2024-05-08(수),롤케익,307.2kcal,잡곡밥,332.65kcal,카레덮밥,504.56kcal,,,3430.02kcal
2024-05-08(수),야채샐러드,93.91kcal,감자탕,484.9kcal,김치어묵국,74.45kcal,,,3430.02kcal
2024-05-08(수),참치옥수수샌드위치,583.51kcal,해물파전,555kcal,닭꼬치,123.2kcal,,,3430.02kcal
2024-05-08(수),우유),65kcal,양념깻잎지무침,120kcal,실곤약야채무침,16.94kcal,,,3430.02kcal
2024-05-08(수),"짜먹는 발효유,부대계약",,깍두기,25.6kcal,깍두기,25.6kcal,,,3430.02kcal
2024-05-08(수),,,,,콜라,117.5kcal,,,3430.02kcal
2024-05-09(목),밥,300kcal,참치야채비빔밥,551.22kcal,밥,300kcal,,,2702.75kcal
2024-05-09(목),황태해장국,81.07kcal,쇠고기미역국,53.85kcal,샤브샤브국,57.86kcal,,,2702.75kcal
2024-05-09(목),맛김,0kcal,치즈함박스테이크,438.1kcal,오삼불고기,498.82kcal,,,2702.75kcal
2024-05-09(목),소불고기,155.37kcal,콘샐러드,105kcal,오이파프리카무침,6.7kcal,,,2702.75kcal
2024-05-09(목),오이고추된장무침,25.86kcal,배추김치,15.2kcal,열무김치,16kcal,,,2702.75kcal
2024-05-09(목),가공우유,82.5kcal,"사과나무, 150mL",,,,,,2702.75kcal
2024-05-09(목),배추김치,15.2kcal,,,,,,,2702.75kcal
2024-05-10(금),밥,300kcal,밥,300kcal,자장밥,717kcal,,,4691.71kcal
2024-05-10(금),사골우거지국,186.44kcal,순댓국,407.14kcal,게맛살계란국,60.87kcal,,,4691.71kcal
2024-05-10(금),부추계란볶음,112.64kcal,치킨까스,609.5kcal,고추잡채&꽃빵,416.31kcal,,,4691.71kcal
2024-05-10(금),스팸구이,499.5kcal,상추겉절이,13.81kcal,찹쌀꿔바로우,615.34kcal,,,4691.71kcal
2024-05-10(금),배추김치,15.2kcal,석박지,14.76kcal,배추김치,15.2kcal,,,4691.71kcal
2024-05-10(금),매일두유 초콜릿 190ml,250kcal,참외,38kcal,"주스,카프리썬오렌지망고",120kcal,,,4691.71kcal
2024-05-01(수),잠봉뵈르샌드위치,550.27kcal,달걀케첩볶음밥,512.06kcal,밥,300kcal,,,3616.19kcal
2024-05-23(목),밥,300kcal,추가밥,180kcal,흑미밥,318.75kcal,,,3659.36kcal
2024-05-23(목),유부주머니탕,268.98kcal,아라비아따스파게티,365.49kcal,호박고추장찌개,48.68kcal,,,3659.36kcal
2024-05-23(목),동그랑땡&케첩,275.5kcal,피자,340kcal,고구마고로케,522.1kcal,,,3659.36kcal
2024-05-23(목),닭고기데리야끼조림,282.81kcal,마늘빵,94.5kcal,돈육김치찜,311.21kcal,,,3659.36kcal
2024-05-23(목),가공우유,82.5kcal,무&비트피클,18kcal,오이부추무침,13.64kcal,,,3659.36kcal
2024-05-23(목),배추김치,15.2kcal,배추김치,15.2kcal,백김치,16.8kcal,,,3659.36kcal
2024-05-23(목),,,,,식혜,190kcal,,,3659.36kcal
2024-05-24(금),오므라이스,949.98kcal,밥,300kcal,김가루밥,315.64kcal,,,3592.10kcal
2024-05-24(금),짬뽕찌개,92.31kcal,갈비탕,684.41kcal,우동국물,61.41kcal,,,3592.10kcal
2024-05-24(금),치즈소시지구이,0kcal,양념고추지,37.2kcal,바베큐치킨스테이크,400kcal,,,3592.10kcal
2024-05-24(금),황도샐러드,82.97kcal,닭고기오이냉채,11.19kcal,쫄면야채무침,204.83kcal,,,3592.10kcal
2024-05-24(금),배추김치,15.2kcal,파인애플스틱,2kcal,배추김치,15.2kcal,,,3592.10kcal
2024-05-24(금),매일두유 초콜릿 190ml,250kcal,석박지,14.76kcal,"아이스크림, 팩형,부대계약",155kcal,,,3592.10kcal
2024-05-25(토),버팔로봉,600kcal,대패삼겹볶음밥,638kcal,소불고기덮밥,301.72kcal,,,3919.80kcal
2024-05-25(토),햄치즈샌드위치,581.47kcal,감자양파국,41.72kcal,도토리묵냉국,80.95kcal,,,3919.80kcal
2024-05-25(토),"탄산, 사이다",350kcal,로제누들떡볶이,281.2kcal,통살새우볼,938.9kcal,,,3919.80kcal
2024-05-25(토),우유),65kcal,구운계란,0kcal,단무지무침,10.44kcal,,,3919.80kcal
2024-05-25(토),,,배추김치,15.2kcal,배추김치,15.2kcal,,,3919.80kcal
2024-05-25(토),,,,,"오렌지나무, 150mL",,,,3919.80kcal
2024-05-26(일),밥,300kcal,스팸마요덮밥,932.73kcal,잡곡밥,332.65kcal,,,3804.77kcal
2024-05-26(일),쇠고기당면국,83.11kcal,버섯매운탕,48.28kcal,물만둣국,355.5kcal,,,3804.77kcal
2024-05-26(일),두부김치,202.59kcal,함박스테이크,661.1kcal,짬뽕불고기,289.69kcal,,,3804.77kcal
2024-05-26(일),베이컨야채볶음,184.6kcal,무생채,17.63kcal,베이컨계란찜,186.77kcal,,,3804.77kcal
2024-05-26(일),깍두기,25.6kcal,배추김치,15.2kcal,마늘쫑고추장무침,39.12kcal,,,3804.77kcal
2024-05-26(일),우유),65kcal,"웅진식품, 자연은요거풋풋젤로&사과, 100mL",50kcal,배추김치,15.2kcal,,,3804.77kcal
2024-05-27(월),밥,300kcal,밥,300kcal,밥,300kcal,,,3471.49kcal
2024-05-11(토),베이컨치즈버거,618.54kcal,통새우볶음밥,535kcal,밥,300kcal,,,3258.79kcal
2024-05-11(토),웨지감자튀김,386.5kcal,파송송계란국,59.79kcal,홍합탕,27.14kcal,,,3258.79kcal
2024-05-11(토),우유),65kcal,버팔로윙,420.2kcal,닭갈비,300.97kcal,,,3258.79kcal
2024-05-11(토),콜라,117.5kcal,파인애플샐러드,38.16kcal,동그랑땡&케첩,275.5kcal,,,3258.79kcal
2024-05-11(토),,,배추김치,15.2kcal,청포묵김가루무침,40.09kcal,,,3258.79kcal
2024-05-11(토),,,,,배추김치,15.2kcal,,,3258.79kcal
2024-05-11(토),,,,,"웅진식품,가야농장 제주감귤,340ml",44kcal,,,3258.79kcal
2024-05-12(일),밥,300kcal,밥,300kcal,스팸김치덮밥,822.19kcal,,,3351.87kcal
2024-05-12(일),차돌된장찌개,420kcal,쇠고기무국,54.34kcal,팽이버섯두부국,55.08kcal,,,3351.87kcal
2024-05-12(일),돈육고추장볶음,261.78kcal,매운돼지갈비찜,535.79kcal,모짜렐라치즈핫도그,201.4kcal,,,3351.87kcal
2024-05-12(일),연근땅콩조림,35.81kcal,김치전,200.65kcal,꼬들단무지무침,18.45kcal,,,3351.87kcal
2024-05-12(일),배추김치,15.2kcal,배추김치,15.2kcal,총각김치,1.98kcal,,,3351.87kcal
2024-05-12(일),우유),65kcal,"웅진식품,파인애플에이드,190ml",49kcal,,,,,3351.87kcal
2024-05-13(월),밥,300kcal,잡곡밥,332.65kcal,밥,300kcal,,,2529.74kcal
2024-05-13(월),황태해장국,81.07kcal,삼색수제비국,246.4kcal,오징어무국,74.01kcal,,,2529.74kcal
2024-05-13(월),돈육장조림,189kcal,닭볶음탕,412.19kcal,훈제오리파프리카볶음,339.69kcal,,,2529.74kcal
2024-05-13(월),오징어젓무침,41.26kcal,콩나물무침,30.47kcal,쌈무,25kcal,,,2529.74kcal
2024-05-13(월),깍두기,25.6kcal,배추김치,15.2kcal,배추김치,15.2kcal,,,2529.74kcal
2024-05-13(월),우유),65kcal,나주 순수배즙 120mL,37kcal,,,,,2529.74kcal
2024-05-14(화),밥,300kcal,쑥갓어묵국,89.25kcal,밥,300kcal,,,4115.70kcal
2024-05-14(화),사골떡만둣국,448.49kcal,분모자떡볶이,426.15kcal,쇠고기장터국,53.24kcal,,,4115.70kcal
2024-05-14(화),두부조림,90.24kcal,가츠동,1059.36kcal,햄슬라이스야채볶음,164.11kcal,,,4115.70kcal
2024-05-14(화),양념깻잎지무침,120kcal,쪽파락교무침,29.46kcal,뿌링클치킨,630.5kcal,,,4115.70kcal
2024-05-14(화),가공우유,282.5kcal,배추김치,15.2kcal,배추김치,15.2kcal,,,4115.70kcal
2024-05-14(화),배추김치,15.2kcal,바나나,76.8kcal,"오렌지나무, 150mL",,,,4115.70kcal
2024-05-15(수),해시브라운버거,829.97kcal,잡곡밥,332.65kcal,밥,300kcal,,,3933.35kcal
2024-05-15(수),믹스베리샐러드,56.93kcal,청국장찌개,109.98kcal,짬뽕찌개,92.31kcal,,,3933.35kcal
2024-05-15(수),먼치킨도넛,79.8kcal,훈제삼겹살구이/명이나물,1061.5kcal,너비아니구이&부추무침,311.53kcal,,,3933.35kcal
2024-05-15(수),"떠먹는 발효유,부대계약",,모듬쌈&우렁쌈장,29.4kcal,연두부양념장,358.33kcal,,,3933.35kcal
2024-05-15(수),우유),65kcal,배추김치,15.2kcal,배추김치,15.2kcal,,,3933.35kcal
2024-05-15(수),,,,,초코과자,275.55kcal,,,3933.35kcal
2024-05-16(목),장조림버터밥,549.66kcal,밥,300kcal,밥,300kcal,,,2612.60kcal
2024-05-16(목),새우순두부계란탕,95.6kcal,선지해장국,0kcal,키조개미역국,20.06kcal,,,2612.60kcal
2024-05-16(목),고구마조림,242.29kcal,치킨가라아게,469kcal,돼지고기김치볶음,220.35kcal,,,2612.60kcal
2024-05-16(목),낙지젓,38.47kcal,오이양파장아찌,15.1kcal,날치알계란찜,74kcal,,,2612.60kcal
2024-05-16(목),가공우유,194kcal,깍두기,25.6kcal,숙주나물무침,14.07kcal,,,2612.60kcal
2024-05-16(목),배추김치,15.2kcal,대추방울토마토,13.6kcal,깍두기,25.6kcal,,,2612.60kcal
2024-05-17(금),밥,300kcal,흑미밥,318.75kcal,데리야끼삼겹살덮밥,870.19kcal,,,3346.63kcal
2024-05-17(금),양지수육곰탕,321.6kcal,꽃게탕,49.63kcal,콩나물김치국,27.63kcal,,,3346.63kcal
2024-05-17(금),어묵채볶음,94.72kcal,돼지고기청경채볶음,232.18kcal,김말이튀김&고추튀김,465.61kcal,,,3346.63kcal
2024-05-17(금),오징어숙회/초고추장,141.94kcal,알감자구이,277.95kcal,무생채,17.63kcal,,,3346.63kcal
2024-05-17(금),깍두기,25.6kcal,배추김치,15.2kcal,열무김치,16kcal,,,3346.63kcal
2024-05-17(금),맛있는 두유GT 달콤한맛,130kcal,"아이스크림, 컵형,부대계약",,요구르트,42kcal,,,3346.63kcal
2024-05-18(토),모닝빵&크로와상,505.1kcal,게살크래미주먹밥,0kcal,밥,300kcal,,,2907.90kcal
2024-05-18(토),훈제닭가슴살,0kcal,우동국물,61.41kcal,닭곰탕,390.67kcal,,,2907.90kcal
2024-05-18(토),야채샐러드,93.91kcal,물만두,267.28kcal,비엔나소시지케찹볶음,343.4kcal,,,2907.90kcal
2024-05-18(토),카페라떼,168kcal,골뱅이소면무침,335.98kcal,떡갈비조림,283.53kcal,,,2907.90kcal
2024-05-18(토),우유),65kcal,배추김치,15.2kcal,오이양파무침,14.82kcal,,,2907.90kcal
2024-05-18(토),,,,,깍두기,25.6kcal,,,2907.90kcal
2024-05-18(토),,,,,참외,38kcal,,,2907.90kcal
2024-05-19(일),밥,300kcal,밥,300kcal,밥,300kcal,,,2086.78kcal
2024-05-19(일),쇠고기육개장,105.97kcal,김치어묵국,74.45kcal,부대찌개,195.18kcal,,,2086.78kcal
2024-05-19(일),매콤계란조림,98.5kcal,우삼겹숙주찜/칠리소스,31.06kcal,오징어볶음,282.5kcal,,,2086.78kcal
2024-05-19(일),무나물,60.45kcal,순두부양념장,53.12kcal,감자조림,104.15kcal,,,2086.78kcal
2024-05-19(일),배추김치,15.2kcal,깍두기,25.6kcal,깍두기,25.6kcal,,,2086.78kcal
2024-05-19(일),우유),65kcal,,,"상온주스, 대상, 청포도에이드, 80mL/개",50kcal,,,2086.78kcal
2024-05-20(월),밥,300kcal,밥,300kcal,밥,300kcal,,,2679.35kcal
2024-05-20(월),사골설렁탕,213.21kcal,우럭매운탕,108.71kcal,참치김치찌개,121.77kcal,,,2679.35kcal
2024-05-20(월),미트볼케찹조림,232.86kcal,마늘안심닭강정,491.83kcal,쇠고기버섯볶음,193.82kcal,,,2679.35kcal
2024-05-20(월),오징어젓무침,41.26kcal,시금치무침,18.37kcal,미니전병,195.65kcal,,,2679.35kcal
2024-05-20(월),깍두기,25.6kcal,배추김치,15.2kcal,콩나물무침,30.47kcal,,,2679.35kcal
2024-05-20(월),우유),65kcal,"사과나무, 150mL",,깍두기,25.6kcal,,,2679.35kcal
2024-05-21(화),밥,300kcal,밥,300kcal,흑미밥,318.75kcal,,,3128.43kcal
2024-05-21(화),조갯살미역국,30.51kcal,사골우거지국,186.44kcal,황태해장국,81.07kcal,,,3128.43kcal
2024-05-21(화),스팸구이,499.5kcal,계란찜,116.77kcal,애호박나물,55.88kcal,,,3128.43kcal
2024-05-21(화),스크램블에그,145.23kcal,편육새우젓,334.21kcal,닭갈비,300.97kcal,,,3128.43kcal
2024-05-21(화),무말랭이무침,39kcal,보쌈김치,48.55kcal,파김치,20.25kcal,,,3128.43kcal
2024-05-21(화),가공우유,282.5kcal,대추방울토마토,13.6kcal,"해태에이치티비,갈아만든배,238ml",40kcal,,,3128.43kcal
2024-05-21(화),배추김치,15.2kcal,,,,,,,3128.43kcal
2024-05-22(수),또띠아치킨랩,700.53kcal,열무비빔밥,490.42kcal,참치마요덮밥,643.53kcal,,,3141.75kcal
2024-05-22(수),콘샐러드,105kcal,순두부찌개,126.62kcal,샤브샤브국,57.86kcal,,,3141.75kcal
2024-05-22(수),브라운브레드,159.6kcal,야채튀김,248.3kcal,짜장떡볶이,290.95kcal,,,3141.75kcal
2024-05-22(수),우유),65kcal,청포묵김가루무침,40.09kcal,꼬들단무지무침,18.45kcal,,,3141.75kcal
2024-05-22(수),"토핑형 발효유,부대계약",165kcal,배추김치,15.2kcal,배추김치,15.2kcal,,,3141.75kcal
2024-05-22(수),,,"인이스홀딩스, 탐나는 제주 그대로 한라봉, 100mL40포/상자/실온12개월",,,,,,3141.75kcal
2024-05-01(수),마들렌,110kcal,짬뽕찌개,92.31kcal,콩나물국,29.61kcal,,,3616.19kcal
2024-05-01(수),만다린샐러드,95.46kcal,목화솜탕수육,619.91kcal,코코넛새우튀김,438kcal,,,3616.19kcal
2024-05-01(수),"음료수,탄산,콜라",117.5kcal,물만두,267.28kcal,닭고기김치찜,341.61kcal,,,3616.19kcal
2024-05-01(수),우유),65kcal,배추김치,15.2kcal,총각김치,1.98kcal,,,3616.19kcal
2024-05-01(수),,,,,이온음료,60kcal,,,3616.19kcal
2024-05-02(목),고추참치김치덮밥,521.38kcal,돈코츠라멘차슈,399.17kcal,흑미밥,318.75kcal,,,3483.98kcal
